article_id,article_url,id_code,author,depth,age_hours,links,link_count,state,page_truncates
4538206,https://dev.to/francistrdev/how-long-does-it-take-for-you-to-write-a-devto-article-49m1,3dp62,crdtcto,0,520.05,none,0,MISSING,True
4538206,https://dev.to/francistrdev/how-long-does-it-take-for-you-to-write-a-devto-article-49m1,3dp74,edmundsparrow,1,519.76,none,0,MISSING,True
4538206,https://dev.to/francistrdev/how-long-does-it-take-for-you-to-write-a-devto-article-49m1,3dp7k,,2,519.58,none,0,MISSING,True
4538206,https://dev.to/francistrdev/how-long-does-it-take-for-you-to-write-a-devto-article-49m1,3dp88,francistrdev,3,519.45,none,0,MISSING,True
4538206,https://dev.to/francistrdev/how-long-does-it-take-for-you-to-write-a-devto-article-49m1,3dp8a,crdtcto,4,519.43,none,0,MISSING,True
4538206,https://dev.to/francistrdev/how-long-does-it-take-for-you-to-write-a-devto-article-49m1,3dphp,francistrdev,1,513.01,multiple,6,MISSING,True
4538206,https://dev.to/francistrdev/how-long-does-it-take-for-you-to-write-a-devto-article-49m1,3dp67,georgekobaidze,0,520.03,none,0,RENDERED,True
4538206,https://dev.to/francistrdev/how-long-does-it-take-for-you-to-write-a-devto-article-49m1,3dp6d,francistrdev,1,519.98,none,0,RENDERED,True
4538206,https://dev.to/francistrdev/how-long-does-it-take-for-you-to-write-a-devto-article-49m1,3dp6k,georgekobaidze,2,519.89,internal,1,RENDERED,True
4538206,https://dev.to/francistrdev/how-long-does-it-take-for-you-to-write-a-devto-article-49m1,3dp72,georgekobaidze,2,519.79,internal,1,RENDERED,True
4538206,https://dev.to/francistrdev/how-long-does-it-take-for-you-to-write-a-devto-article-49m1,3dpia,francistrdev,3,512.82,none,0,RENDERED,True
4538206,https://dev.to/francistrdev/how-long-does-it-take-for-you-to-write-a-devto-article-49m1,3e2io,sushyam_nagallapati,1,471.77,internal,1,RENDERED,True
4538206,https://dev.to/francistrdev/how-long-does-it-take-for-you-to-write-a-devto-article-49m1,3e4hp,tracygjg,1,443.73,internal,1,RENDERED,True
4538206,https://dev.to/francistrdev/how-long-does-it-take-for-you-to-write-a-devto-article-49m1,3dp6j,joelezema,0,519.91,none,0,MISSING,True
4538206,https://dev.to/francistrdev/how-long-does-it-take-for-you-to-write-a-devto-article-49m1,3dpi8,francistrdev,1,512.88,none,0,MISSING,True
4538206,https://dev.to/francistrdev/how-long-does-it-take-for-you-to-write-a-devto-article-49m1,3e5jh,joelezema,2,425.24,none,0,MISSING,True
4538206,https://dev.to/francistrdev/how-long-does-it-take-for-you-to-write-a-devto-article-49m1,3dp7d,ale3oula,0,519.64,none,0,RENDERED,True
4538206,https://dev.to/francistrdev/how-long-does-it-take-for-you-to-write-a-devto-article-49m1,3dp81,francistrdev,1,519.5,none,0,RENDERED,True
4538206,https://dev.to/francistrdev/how-long-does-it-take-for-you-to-write-a-devto-article-49m1,3dp8f,ale3oula,2,519.37,none,0,RENDERED,True
4538206,https://dev.to/francistrdev/how-long-does-it-take-for-you-to-write-a-devto-article-49m1,3dpao,francistrdev,3,518.13,none,0,RENDERED,True
4538206,https://dev.to/francistrdev/how-long-does-it-take-for-you-to-write-a-devto-article-49m1,3dpfj,ale3oula,4,514.42,none,0,RENDERED,True
4538206,https://dev.to/francistrdev/how-long-does-it-take-for-you-to-write-a-devto-article-49m1,3dp8j,nyaomaru,0,519.34,multiple,2,RENDERED,True
4538206,https://dev.to/francistrdev/how-long-does-it-take-for-you-to-write-a-devto-article-49m1,3dphf,francistrdev,1,513.16,none,0,RENDERED,True
4538206,https://dev.to/francistrdev/how-long-does-it-take-for-you-to-write-a-devto-article-49m1,3e06g,nyaomaru,2,504.6,none,0,RENDERED,True
4538206,https://dev.to/francistrdev/how-long-does-it-take-for-you-to-write-a-devto-article-49m1,3dp94,xulingfeng,0,519.2,none,0,MISSING,True
4538206,https://dev.to/francistrdev/how-long-does-it-take-for-you-to-write-a-devto-article-49m1,3dpi1,francistrdev,1,512.96,none,0,MISSING,True
4538206,https://dev.to/francistrdev/how-long-does-it-take-for-you-to-write-a-devto-article-49m1,3dpk9,xulingfeng,2,510.99,none,0,MISSING,True
4538206,https://dev.to/francistrdev/how-long-does-it-take-for-you-to-write-a-devto-article-49m1,3e1al,francistrdev,3,491.05,none,0,MISSING,True
4538206,https://dev.to/francistrdev/how-long-does-it-take-for-you-to-write-a-devto-article-49m1,3dp9n,ingosteinke,0,518.89,external,1,RENDERED,True
4538206,https://dev.to/francistrdev/how-long-does-it-take-for-you-to-write-a-devto-article-49m1,3dpfd,francistrdev,1,514.57,none,0,RENDERED,True
4538206,https://dev.to/francistrdev/how-long-does-it-take-for-you-to-write-a-devto-article-49m1,3e08g,ingosteinke,2,503.32,multiple,2,RENDERED,True
4538206,https://dev.to/francistrdev/how-long-does-it-take-for-you-to-write-a-devto-article-49m1,3e2ip,sushyam_nagallapati,1,471.74,internal,1,RENDERED,True
4538206,https://dev.to/francistrdev/how-long-does-it-take-for-you-to-write-a-devto-article-49m1,3dpb2,best_codes,0,517.88,none,0,MISSING,True
4538206,https://dev.to/francistrdev/how-long-does-it-take-for-you-to-write-a-devto-article-49m1,3dpi5,francistrdev,1,512.9,none,0,MISSING,True
4538206,https://dev.to/francistrdev/how-long-does-it-take-for-you-to-write-a-devto-article-49m1,3dpig,best_codes,2,512.68,none,0,MISSING,True
4538206,https://dev.to/francistrdev/how-long-does-it-take-for-you-to-write-a-devto-article-49m1,3e176,francistrdev,3,492.75,none,0,MISSING,True
4538206,https://dev.to/francistrdev/how-long-does-it-take-for-you-to-write-a-devto-article-49m1,3dpbe,pascal_cescato_692b7a8a20,0,517.53,none,0,RENDERED,True
4538206,https://dev.to/francistrdev/how-long-does-it-take-for-you-to-write-a-devto-article-49m1,3dpff,francistrdev,1,514.54,none,0,RENDERED,True
4538206,https://dev.to/francistrdev/how-long-does-it-take-for-you-to-write-a-devto-article-49m1,3dpbm,unitbuilds,0,517.37,none,0,MISSING,True
4538206,https://dev.to/francistrdev/how-long-does-it-take-for-you-to-write-a-devto-article-49m1,3dpcl,anchildress1,0,516.72,none,0,RENDERED,True
4538206,https://dev.to/francistrdev/how-long-does-it-take-for-you-to-write-a-devto-article-49m1,3dpgc,francistrdev,1,514.05,none,0,RENDERED,True
4538206,https://dev.to/francistrdev/how-long-does-it-take-for-you-to-write-a-devto-article-49m1,3dph4,anchildress1,2,513.39,none,0,RENDERED,True
4538206,https://dev.to/francistrdev/how-long-does-it-take-for-you-to-write-a-devto-article-49m1,3dpd5,daniel_possiblekwabi_b57,0,516.51,none,0,MISSING,True
4538206,https://dev.to/francistrdev/how-long-does-it-take-for-you-to-write-a-devto-article-49m1,3dphi,francistrdev,1,513.13,none,0,MISSING,True
4538206,https://dev.to/francistrdev/how-long-does-it-take-for-you-to-write-a-devto-article-49m1,3dpo2,daniel_possiblekwabi_b57,2,508.73,none,0,MISSING,True
4538206,https://dev.to/francistrdev/how-long-does-it-take-for-you-to-write-a-devto-article-49m1,3dpd6,tylerlwsmith,0,516.51,none,0,MISSING,True
4538206,https://dev.to/francistrdev/how-long-does-it-take-for-you-to-write-a-devto-article-49m1,3dphn,francistrdev,1,513.06,none,0,MISSING,True
4538206,https://dev.to/francistrdev/how-long-does-it-take-for-you-to-write-a-devto-article-49m1,3dpe0,technogamerz,0,515.83,none,0,MISSING,True
4538206,https://dev.to/francistrdev/how-long-does-it-take-for-you-to-write-a-devto-article-49m1,3dpi9,francistrdev,1,512.87,none,0,MISSING,True
4538206,https://dev.to/francistrdev/how-long-does-it-take-for-you-to-write-a-devto-article-49m1,3dpg2,debashish_ghosal,0,514.22,none,0,MISSING,True
4538206,https://dev.to/francistrdev/how-long-does-it-take-for-you-to-write-a-devto-article-49m1,3dphg,jarvisscript,0,513.14,none,0,RENDERED,True
4538206,https://dev.to/francistrdev/how-long-does-it-take-for-you-to-write-a-devto-article-49m1,3e1ap,francistrdev,1,490.99,none,0,RENDERED,True
4538206,https://dev.to/francistrdev/how-long-does-it-take-for-you-to-write-a-devto-article-49m1,3e2m4,jarvisscript,2,470.29,none,0,RENDERED,True
4538206,https://dev.to/francistrdev/how-long-does-it-take-for-you-to-write-a-devto-article-49m1,3dphj,memos_mem_4c56c53b3adbe20,0,513.1,none,0,MISSING,True
4538206,https://dev.to/francistrdev/how-long-does-it-take-for-you-to-write-a-devto-article-49m1,3dpi3,francistrdev,1,512.91,none,0,MISSING,True
4538206,https://dev.to/francistrdev/how-long-does-it-take-for-you-to-write-a-devto-article-49m1,3dpj9,earlgreyhot1701d,0,511.97,none,0,MISSING,True
4538206,https://dev.to/francistrdev/how-long-does-it-take-for-you-to-write-a-devto-article-49m1,3e1b8,francistrdev,1,490.78,none,0,MISSING,True
4538206,https://dev.to/francistrdev/how-long-does-it-take-for-you-to-write-a-devto-article-49m1,3e1kd,earlgreyhot1701d,2,484.1,none,0,MISSING,True
4538206,https://dev.to/francistrdev/how-long-does-it-take-for-you-to-write-a-devto-article-49m1,3dpli,rondo,0,509.99,none,0,MISSING,True
4538206,https://dev.to/francistrdev/how-long-does-it-take-for-you-to-write-a-devto-article-49m1,3dpo7,nxc8335,0,508.64,none,0,MISSING,True
4538206,https://dev.to/francistrdev/how-long-does-it-take-for-you-to-write-a-devto-article-49m1,3e1bb,francistrdev,1,490.73,none,0,MISSING,True
4538206,https://dev.to/francistrdev/how-long-does-it-take-for-you-to-write-a-devto-article-49m1,3e06o,lovestaco,0,504.4,none,0,MISSING,True
4538206,https://dev.to/francistrdev/how-long-does-it-take-for-you-to-write-a-devto-article-49m1,3e075,firethering,0,504.23,none,0,MISSING,True
4538206,https://dev.to/francistrdev/how-long-does-it-take-for-you-to-write-a-devto-article-49m1,3e1ba,francistrdev,1,490.75,none,0,MISSING,True
4538206,https://dev.to/francistrdev/how-long-does-it-take-for-you-to-write-a-devto-article-49m1,3e097,nandofm,0,502.72,none,0,MISSING,True
4538206,https://dev.to/francistrdev/how-long-does-it-take-for-you-to-write-a-devto-article-49m1,3e0d6,anmolbaranwal,0,500.7,multiple,2,RENDERED,True
4538206,https://dev.to/francistrdev/how-long-does-it-take-for-you-to-write-a-devto-article-49m1,3e1ao,francistrdev,1,491.02,none,0,RENDERED,True
4538206,https://dev.to/francistrdev/how-long-does-it-take-for-you-to-write-a-devto-article-49m1,3e0dc,byteox2,0,500.55,none,0,MISSING,True
4538206,https://dev.to/francistrdev/how-long-does-it-take-for-you-to-write-a-devto-article-49m1,3e0dk,noman_zcreatix_7315d4b5c8,0,500.37,multiple,3,MISSING,True
4538206,https://dev.to/francistrdev/how-long-does-it-take-for-you-to-write-a-devto-article-49m1,3e0ed,micaavigliano,0,500.04,none,0,MISSING,True
4538206,https://dev.to/francistrdev/how-long-does-it-take-for-you-to-write-a-devto-article-49m1,3e1b2,francistrdev,1,490.96,none,0,MISSING,True
4538206,https://dev.to/francistrdev/how-long-does-it-take-for-you-to-write-a-devto-article-49m1,3e0f1,codingwithjiro,0,499.67,none,0,MISSING,True
4538206,https://dev.to/francistrdev/how-long-does-it-take-for-you-to-write-a-devto-article-49m1,3e66b,francistrdev,1,418.8,none,0,MISSING,True
4538206,https://dev.to/francistrdev/how-long-does-it-take-for-you-to-write-a-devto-article-49m1,3e0gj,nye1nchansoe,0,498.89,none,0,MISSING,True
4538206,https://dev.to/francistrdev/how-long-does-it-take-for-you-to-write-a-devto-article-49m1,3e1bc,francistrdev,1,490.7,none,0,MISSING,True
4538206,https://dev.to/francistrdev/how-long-does-it-take-for-you-to-write-a-devto-article-49m1,3e2di,nye1nchansoe,2,474.08,none,0,MISSING,True
4538206,https://dev.to/francistrdev/how-long-does-it-take-for-you-to-write-a-devto-article-49m1,3e0kf,tanay_dwivedi9098,0,497.61,none,0,MISSING,True
4538206,https://dev.to/francistrdev/how-long-does-it-take-for-you-to-write-a-devto-article-49m1,3e0m9,flippy11,0,497.0,none,0,MISSING,True
4538206,https://dev.to/francistrdev/how-long-does-it-take-for-you-to-write-a-devto-article-49m1,3e181,francistrdev,1,492.33,none,0,MISSING,True
4538206,https://dev.to/francistrdev/how-long-does-it-take-for-you-to-write-a-devto-article-49m1,3e0o8,paceaux,0,496.26,multiple,2,MISSING,True
4538206,https://dev.to/francistrdev/how-long-does-it-take-for-you-to-write-a-devto-article-49m1,3e1bh,francistrdev,1,490.61,none,0,MISSING,True
4538206,https://dev.to/francistrdev/how-long-does-it-take-for-you-to-write-a-devto-article-49m1,3e1c6,paceaux,2,490.25,none,0,MISSING,True
4538206,https://dev.to/francistrdev/how-long-does-it-take-for-you-to-write-a-devto-article-49m1,3e0p2,best_vibe_f9bcb0e9c1a9970,0,496.08,multiple,10,MISSING,True
4538206,https://dev.to/francistrdev/how-long-does-it-take-for-you-to-write-a-devto-article-49m1,3e0pa,online_toys_94144ebd2e2f6,0,496.04,multiple,10,MISSING,True
4538206,https://dev.to/francistrdev/how-long-does-it-take-for-you-to-write-a-devto-article-49m1,3e0pj,daraz_toy_c258cb5ff5fb5e6,0,495.99,multiple,10,MISSING,True
4538206,https://dev.to/francistrdev/how-long-does-it-take-for-you-to-write-a-devto-article-49m1,3e103,daraz_private_439b56f3e56,0,495.91,multiple,10,MISSING,True
4538206,https://dev.to/francistrdev/how-long-does-it-take-for-you-to-write-a-devto-article-49m1,3e10f,well_center_cec48e177797b,0,495.87,multiple,10,MISSING,True
4538206,https://dev.to/francistrdev/how-long-does-it-take-for-you-to-write-a-devto-article-49m1,3e119,dj29,0,495.49,none,0,RENDERED,True
4538206,https://dev.to/francistrdev/how-long-does-it-take-for-you-to-write-a-devto-article-49m1,3e1b7,francistrdev,1,490.83,none,0,RENDERED,True
4538206,https://dev.to/francistrdev/how-long-does-it-take-for-you-to-write-a-devto-article-49m1,3e1fe,dj29,2,487.12,internal,1,RENDERED,True
4538206,https://dev.to/francistrdev/how-long-does-it-take-for-you-to-write-a-devto-article-49m1,3e2jo,francistrdev,3,471.51,none,0,RENDERED,True
4538206,https://dev.to/francistrdev/how-long-does-it-take-for-you-to-write-a-devto-article-49m1,3e2k3,dj29,4,471.46,none,0,RENDERED,True
4538206,https://dev.to/francistrdev/how-long-does-it-take-for-you-to-write-a-devto-article-49m1,3e14j,benjamin_nguyen_8ca6ff360,0,494.23,none,0,MISSING,True
4538206,https://dev.to/francistrdev/how-long-does-it-take-for-you-to-write-a-devto-article-49m1,3e1ck,mady_zenin,0,489.86,none,0,MISSING,True
4538206,https://dev.to/francistrdev/how-long-does-it-take-for-you-to-write-a-devto-article-49m1,3e1g6,jeffvyder,0,486.77,none,0,MISSING,True
4538206,https://dev.to/francistrdev/how-long-does-it-take-for-you-to-write-a-devto-article-49m1,3e1jd,adamthedeveloper,0,484.95,none,0,MISSING,True
4538206,https://dev.to/francistrdev/how-long-does-it-take-for-you-to-write-a-devto-article-49m1,3e66a,francistrdev,1,418.84,none,0,MISSING,True
4538206,https://dev.to/francistrdev/how-long-does-it-take-for-you-to-write-a-devto-article-49m1,3e1l1,tythos,0,483.7,none,0,MISSING,True
4538206,https://dev.to/francistrdev/how-long-does-it-take-for-you-to-write-a-devto-article-49m1,3e1mb,dreainno,0,482.76,none,0,MISSING,True
4538206,https://dev.to/francistrdev/how-long-does-it-take-for-you-to-write-a-devto-article-49m1,3e2o2,francistrdev,1,469.08,none,0,MISSING,True
4538206,https://dev.to/francistrdev/how-long-does-it-take-for-you-to-write-a-devto-article-49m1,3e1n4,marcobblk,0,482.17,none,0,MISSING,True
4538206,https://dev.to/francistrdev/how-long-does-it-take-for-you-to-write-a-devto-article-49m1,3e6c5,francistrdev,1,414.4,none,0,MISSING,True
4538206,https://dev.to/francistrdev/how-long-does-it-take-for-you-to-write-a-devto-article-49m1,3e7l4,marcobblk,2,383.72,none,0,MISSING,True
4538206,https://dev.to/francistrdev/how-long-does-it-take-for-you-to-write-a-devto-article-49m1,3e1o7,devstackhub,0,481.46,none,0,MISSING,True
4538206,https://dev.to/francistrdev/how-long-does-it-take-for-you-to-write-a-devto-article-49m1,3e2k2,francistrdev,1,471.48,none,0,MISSING,True
4538206,https://dev.to/francistrdev/how-long-does-it-take-for-you-to-write-a-devto-article-49m1,3e1p1,margaretmoller1,0,480.96,none,0,MISSING,True
4538206,https://dev.to/francistrdev/how-long-does-it-take-for-you-to-write-a-devto-article-49m1,3e21b,online_toys_94144ebd2e2f6,0,479.64,external,1,MISSING,True
4538206,https://dev.to/francistrdev/how-long-does-it-take-for-you-to-write-a-devto-article-49m1,3e23c,john_wick_959c9b2cda43045,0,478.73,external,1,MISSING,True
4538206,https://dev.to/francistrdev/how-long-does-it-take-for-you-to-write-a-devto-article-49m1,3e2cm,blackjosh007,0,474.48,none,0,MISSING,True
4538206,https://dev.to/francistrdev/how-long-does-it-take-for-you-to-write-a-devto-article-49m1,3e2ea,entropicremainder,0,473.78,none,0,MISSING,True
4538206,https://dev.to/francistrdev/how-long-does-it-take-for-you-to-write-a-devto-article-49m1,3e2fa,ntombizakhona,0,473.18,none,0,MISSING,True
4538206,https://dev.to/francistrdev/how-long-does-it-take-for-you-to-write-a-devto-article-49m1,3e2oa,francistrdev,1,468.99,none,0,MISSING,True
4538206,https://dev.to/francistrdev/how-long-does-it-take-for-you-to-write-a-devto-article-49m1,3e2fd,quantumadopter,0,473.11,none,0,MISSING,True
4538206,https://dev.to/francistrdev/how-long-does-it-take-for-you-to-write-a-devto-article-49m1,3e2im,sushyam_nagallapati,0,471.8,none,0,MISSING,True
4538206,https://dev.to/francistrdev/how-long-does-it-take-for-you-to-write-a-devto-article-49m1,3e2kl,elanatframework,0,471.13,none,0,MISSING,True
4538206,https://dev.to/francistrdev/how-long-does-it-take-for-you-to-write-a-devto-article-49m1,3e2n6,faysal_fateh_8e16bb629e2a,1,469.56,none,0,MISSING,True
4538206,https://dev.to/francistrdev/how-long-does-it-take-for-you-to-write-a-devto-article-49m1,3e2p9,elanatframework,2,468.67,none,0,MISSING,True
4538206,https://dev.to/francistrdev/how-long-does-it-take-for-you-to-write-a-devto-article-49m1,3e2n0,sam000,0,469.67,none,0,MISSING,True
4538206,https://dev.to/francistrdev/how-long-does-it-take-for-you-to-write-a-devto-article-49m1,3e2o1,greenbladesec,0,469.13,none,0,MISSING,True
4538206,https://dev.to/francistrdev/how-long-does-it-take-for-you-to-write-a-devto-article-49m1,3e2o8,extinctsion,0,469.01,none,0,MISSING,True
4538206,https://dev.to/francistrdev/how-long-does-it-take-for-you-to-write-a-devto-article-49m1,3e3fj,jonrandy,1,457.04,none,0,MISSING,True
4538206,https://dev.to/francistrdev/how-long-does-it-take-for-you-to-write-a-devto-article-49m1,3e3m5,extinctsion,2,455.26,none,0,MISSING,True
4538206,https://dev.to/francistrdev/how-long-does-it-take-for-you-to-write-a-devto-article-49m1,3e3a1,eadsbarbosa,0,460.57,none,0,MISSING,True
4538206,https://dev.to/francistrdev/how-long-does-it-take-for-you-to-write-a-devto-article-49m1,3e3e8,codearea_shop_1f1def9b532,0,457.65,none,0,MISSING,True
4538206,https://dev.to/francistrdev/how-long-does-it-take-for-you-to-write-a-devto-article-49m1,3e3g7,zyvop,0,456.84,none,0,MISSING,True
4538206,https://dev.to/francistrdev/how-long-does-it-take-for-you-to-write-a-devto-article-49m1,3e3lk,henry_robt_ed01d31ae3d216,0,455.43,none,0,MISSING,True
4538206,https://dev.to/francistrdev/how-long-does-it-take-for-you-to-write-a-devto-article-49m1,3e3nh,danny_adam_73c69735588b37,0,454.82,none,0,MISSING,True
4538206,https://dev.to/francistrdev/how-long-does-it-take-for-you-to-write-a-devto-article-49m1,3e497,francistrdev,1,449.07,none,0,MISSING,True
4538206,https://dev.to/francistrdev/how-long-does-it-take-for-you-to-write-a-devto-article-49m1,3e3pf,degrome,0,453.75,none,0,MISSING,True
4538206,https://dev.to/francistrdev/how-long-does-it-take-for-you-to-write-a-devto-article-49m1,3e496,francistrdev,1,449.09,none,0,MISSING,True
4538206,https://dev.to/francistrdev/how-long-does-it-take-for-you-to-write-a-devto-article-49m1,3e5d3,micaavigliano,1,428.6,none,0,MISSING,True
4538206,https://dev.to/francistrdev/how-long-does-it-take-for-you-to-write-a-devto-article-49m1,3e5df,degrome,2,428.25,none,0,MISSING,True
4538206,https://dev.to/francistrdev/how-long-does-it-take-for-you-to-write-a-devto-article-49m1,3e404,undercoverfreelancer,0,453.39,external,1,MISSING,True
4538206,https://dev.to/francistrdev/how-long-does-it-take-for-you-to-write-a-devto-article-49m1,3e48m,codewithdave,0,449.37,none,0,MISSING,True
4538206,https://dev.to/francistrdev/how-long-does-it-take-for-you-to-write-a-devto-article-49m1,3e4j8,pramudithan,0,442.24,external,1,MISSING,True
4538206,https://dev.to/francistrdev/how-long-does-it-take-for-you-to-write-a-devto-article-49m1,3e4je,sylwia-lask,0,442.14,none,0,MISSING,True
4538206,https://dev.to/francistrdev/how-long-does-it-take-for-you-to-write-a-devto-article-49m1,3e66c,francistrdev,1,418.79,none,0,MISSING,True
4538206,https://dev.to/francistrdev/how-long-does-it-take-for-you-to-write-a-devto-article-49m1,3e527,mixcbaea5,0,433.46,none,0,MISSING,True
4538206,https://dev.to/francistrdev/how-long-does-it-take-for-you-to-write-a-devto-article-49m1,3e5kh,francistrdev,1,424.93,none,0,MISSING,True
4538206,https://dev.to/francistrdev/how-long-does-it-take-for-you-to-write-a-devto-article-49m1,3e5go,routinekit,0,426.47,none,0,MISSING,True
4538206,https://dev.to/francistrdev/how-long-does-it-take-for-you-to-write-a-devto-article-49m1,3e6c9,francistrdev,1,414.35,none,0,MISSING,True
4538206,https://dev.to/francistrdev/how-long-does-it-take-for-you-to-write-a-devto-article-49m1,3e6he,routinekit,2,410.48,none,0,MISSING,True
4538206,https://dev.to/francistrdev/how-long-does-it-take-for-you-to-write-a-devto-article-49m1,3e5n7,kayleykiwi,0,423.72,none,0,MISSING,True
4538206,https://dev.to/francistrdev/how-long-does-it-take-for-you-to-write-a-devto-article-49m1,3e666,francistrdev,1,418.89,none,0,MISSING,True
4538206,https://dev.to/francistrdev/how-long-does-it-take-for-you-to-write-a-devto-article-49m1,3e5oh,slava_bodnar_bfdae0d734ad,0,423.45,external,1,MISSING,True
4538206,https://dev.to/francistrdev/how-long-does-it-take-for-you-to-write-a-devto-article-49m1,3e68n,calebdre,0,417.2,none,0,MISSING,True
4538206,https://dev.to/francistrdev/how-long-does-it-take-for-you-to-write-a-devto-article-49m1,3e6jo,margaretmoller1,0,408.07,none,0,MISSING,True
4538206,https://dev.to/francistrdev/how-long-does-it-take-for-you-to-write-a-devto-article-49m1,3e6ok,joemetry,0,404.65,none,0,MISSING,True
4538206,https://dev.to/francistrdev/how-long-does-it-take-for-you-to-write-a-devto-article-49m1,3e72k,secret_toys75,0,401.5,multiple,21,MISSING,True
4538206,https://dev.to/francistrdev/how-long-does-it-take-for-you-to-write-a-devto-article-49m1,3eah5,gbudjeakp,0,338.93,none,0,MISSING,True
4538206,https://dev.to/francistrdev/how-long-does-it-take-for-you-to-write-a-devto-article-49m1,3ee9n,angelitadurgan644,0,300.76,external,1,MISSING,True
4538206,https://dev.to/francistrdev/how-long-does-it-take-for-you-to-write-a-devto-article-49m1,3egm8,effessdev,0,281.15,internal,1,RENDERED,True
4538206,https://dev.to/francistrdev/how-long-does-it-take-for-you-to-write-a-devto-article-49m1,3ek03,francistrdev,1,251.02,none,0,RENDERED,True
4538206,https://dev.to/francistrdev/how-long-does-it-take-for-you-to-write-a-devto-article-49m1,3f8a7,maria_sydor_063aac0492663,0,83.48,external,1,MISSING,True
4538206,https://dev.to/francistrdev/how-long-does-it-take-for-you-to-write-a-devto-article-49m1,3f8ao,maria_sydor_063aac0492663,0,83.14,external,1,MISSING,True
4538206,https://dev.to/francistrdev/how-long-does-it-take-for-you-to-write-a-devto-article-49m1,3fb9p,listwright,0,29.94,none,0,MISSING,True
4606958,https://dev.to/safak_tepecik_bc95fdaea2b/i-measured-the-link-value-of-101-directories-and-launchpads-one-free-dofollow-link-came-out-of-it-4pj2,3fbim,listwright,0,24.53,external,1,MISSING,True
4626455,https://dev.to/georgekobaidze/show-me-the-article-youre-most-proud-of-and-ill-read-every-single-one-of-them-1l53,3ehem,georgekobaidze,0,275.4,multiple,6,MISSING,True
4626455,https://dev.to/georgekobaidze/show-me-the-article-youre-most-proud-of-and-ill-read-every-single-one-of-them-1l53,3ehf2,unitbuilds,0,275.25,multiple,6,RENDERED,True
4626455,https://dev.to/georgekobaidze/show-me-the-article-youre-most-proud-of-and-ill-read-every-single-one-of-them-1l53,3ehfo,georgekobaidze,1,274.89,none,0,RENDERED,True
4626455,https://dev.to/georgekobaidze/show-me-the-article-youre-most-proud-of-and-ill-read-every-single-one-of-them-1l53,3eicf,georgekobaidze,1,264.59,multiple,2,RENDERED,True
4626455,https://dev.to/georgekobaidze/show-me-the-article-youre-most-proud-of-and-ill-read-every-single-one-of-them-1l53,3eid2,unitbuilds,2,264.38,none,0,RENDERED,True
4626455,https://dev.to/georgekobaidze/show-me-the-article-youre-most-proud-of-and-ill-read-every-single-one-of-them-1l53,3eie9,georgekobaidze,3,263.97,none,0,RENDERED,True
4626455,https://dev.to/georgekobaidze/show-me-the-article-youre-most-proud-of-and-ill-read-every-single-one-of-them-1l53,3eifn,unitbuilds,4,263.32,none,0,RENDERED,True
4626455,https://dev.to/georgekobaidze/show-me-the-article-youre-most-proud-of-and-ill-read-every-single-one-of-them-1l53,3eig9,georgekobaidze,5,263.23,none,0,RENDERED,True
4626455,https://dev.to/georgekobaidze/show-me-the-article-youre-most-proud-of-and-ill-read-every-single-one-of-them-1l53,3ehf6,francistrdev,0,275.18,multiple,8,RENDERED,True
4626455,https://dev.to/georgekobaidze/show-me-the-article-youre-most-proud-of-and-ill-read-every-single-one-of-them-1l53,3ehf8,unitbuilds,1,275.12,internal,1,RENDERED,True
4626455,https://dev.to/georgekobaidze/show-me-the-article-youre-most-proud-of-and-ill-read-every-single-one-of-them-1l53,3ehh4,plaidscientist,2,274.22,internal,1,RENDERED,True
4626455,https://dev.to/georgekobaidze/show-me-the-article-youre-most-proud-of-and-ill-read-every-single-one-of-them-1l53,3ehfp,georgekobaidze,1,274.88,none,0,RENDERED,True
4626455,https://dev.to/georgekobaidze/show-me-the-article-youre-most-proud-of-and-ill-read-every-single-one-of-them-1l53,3ehgg,georgekobaidze,1,274.59,internal,1,RENDERED,True
4626455,https://dev.to/georgekobaidze/show-me-the-article-youre-most-proud-of-and-ill-read-every-single-one-of-them-1l53,3ehi6,pepapepa,0,273.93,internal,1,MISSING,True
4626455,https://dev.to/georgekobaidze/show-me-the-article-youre-most-proud-of-and-ill-read-every-single-one-of-them-1l53,3ehid,noemy15786,0,273.87,external,1,MISSING,True
4626455,https://dev.to/georgekobaidze/show-me-the-article-youre-most-proud-of-and-ill-read-every-single-one-of-them-1l53,3ehl1,earlgreyhot1701d,0,272.4,multiple,2,MISSING,True
4626455,https://dev.to/georgekobaidze/show-me-the-article-youre-most-proud-of-and-ill-read-every-single-one-of-them-1l53,3eie8,georgekobaidze,1,264.01,none,0,MISSING,True
4626455,https://dev.to/georgekobaidze/show-me-the-article-youre-most-proud-of-and-ill-read-every-single-one-of-them-1l53,3f18m,earlgreyhot1701d,2,176.34,none,0,MISSING,True
4626455,https://dev.to/georgekobaidze/show-me-the-article-youre-most-proud-of-and-ill-read-every-single-one-of-them-1l53,3f1mn,georgekobaidze,3,170.11,none,0,MISSING,True
4626455,https://dev.to/georgekobaidze/show-me-the-article-youre-most-proud-of-and-ill-read-every-single-one-of-them-1l53,3f3mp,earlgreyhot1701d,4,148.73,none,0,MISSING,True
4626455,https://dev.to/georgekobaidze/show-me-the-article-youre-most-proud-of-and-ill-read-every-single-one-of-them-1l53,3f3pp,georgekobaidze,5,146.43,none,0,MISSING,True
4626455,https://dev.to/georgekobaidze/show-me-the-article-youre-most-proud-of-and-ill-read-every-single-one-of-them-1l53,3f3hb,kula611,2,154.7,none,0,MISSING,True
4626455,https://dev.to/georgekobaidze/show-me-the-article-youre-most-proud-of-and-ill-read-every-single-one-of-them-1l53,3f3c6,citronbrick,1,157.53,none,0,MISSING,True
4626455,https://dev.to/georgekobaidze/show-me-the-article-youre-most-proud-of-and-ill-read-every-single-one-of-them-1l53,3f3mo,earlgreyhot1701d,2,148.75,none,0,MISSING,True
4626455,https://dev.to/georgekobaidze/show-me-the-article-youre-most-proud-of-and-ill-read-every-single-one-of-them-1l53,3ehm3,swaroop_krishna_e2f4b83b2,0,271.79,internal,1,MISSING,True
4626455,https://dev.to/georgekobaidze/show-me-the-article-youre-most-proud-of-and-ill-read-every-single-one-of-them-1l53,3eho8,edmundsparrow,0,270.49,internal,1,MISSING,True
4626455,https://dev.to/georgekobaidze/show-me-the-article-youre-most-proud-of-and-ill-read-every-single-one-of-them-1l53,3f3hh,kula611,1,154.59,none,0,MISSING,True
4626455,https://dev.to/georgekobaidze/show-me-the-article-youre-most-proud-of-and-ill-read-every-single-one-of-them-1l53,3ehoe,xulingfeng,0,270.36,internal,1,MISSING,True
4626455,https://dev.to/georgekobaidze/show-me-the-article-youre-most-proud-of-and-ill-read-every-single-one-of-them-1l53,3elni,georgekobaidze,1,230.37,none,0,MISSING,True
4626455,https://dev.to/georgekobaidze/show-me-the-article-youre-most-proud-of-and-ill-read-every-single-one-of-them-1l53,3emf3,xulingfeng,2,222.96,none,0,MISSING,True
4626455,https://dev.to/georgekobaidze/show-me-the-article-youre-most-proud-of-and-ill-read-every-single-one-of-them-1l53,3enll,georgekobaidze,1,211.53,none,0,MISSING,True
4626455,https://dev.to/georgekobaidze/show-me-the-article-youre-most-proud-of-and-ill-read-every-single-one-of-them-1l53,3enm2,xulingfeng,2,211.44,none,0,MISSING,True
4626455,https://dev.to/georgekobaidze/show-me-the-article-youre-most-proud-of-and-ill-read-every-single-one-of-them-1l53,3enm5,georgekobaidze,3,211.38,none,0,MISSING,True
4626455,https://dev.to/georgekobaidze/show-me-the-article-youre-most-proud-of-and-ill-read-every-single-one-of-them-1l53,3ei3e,tejas_shinkar,0,267.58,internal,1,MISSING,True
4626455,https://dev.to/georgekobaidze/show-me-the-article-youre-most-proud-of-and-ill-read-every-single-one-of-them-1l53,3eie3,grahamthedev,0,264.12,multiple,5,RENDERED,True
4626455,https://dev.to/georgekobaidze/show-me-the-article-youre-most-proud-of-and-ill-read-every-single-one-of-them-1l53,3eif0,georgekobaidze,1,263.73,none,0,RENDERED,True
4626455,https://dev.to/georgekobaidze/show-me-the-article-youre-most-proud-of-and-ill-read-every-single-one-of-them-1l53,3eo62,georgekobaidze,1,208.19,none,0,RENDERED,True
4626455,https://dev.to/georgekobaidze/show-me-the-article-youre-most-proud-of-and-ill-read-every-single-one-of-them-1l53,3eoad,grahamthedev,2,206.59,none,0,RENDERED,True
4626455,https://dev.to/georgekobaidze/show-me-the-article-youre-most-proud-of-and-ill-read-every-single-one-of-them-1l53,3eoap,georgekobaidze,3,206.47,none,0,RENDERED,True
4626455,https://dev.to/georgekobaidze/show-me-the-article-youre-most-proud-of-and-ill-read-every-single-one-of-them-1l53,3eil2,hadil,0,261.51,multiple,7,MISSING,True
4626455,https://dev.to/georgekobaidze/show-me-the-article-youre-most-proud-of-and-ill-read-every-single-one-of-them-1l53,3ejll,georgekobaidze,1,253.11,none,0,MISSING,True
4626455,https://dev.to/georgekobaidze/show-me-the-article-youre-most-proud-of-and-ill-read-every-single-one-of-them-1l53,3einl,capestart,0,260.59,none,0,MISSING,True
4626455,https://dev.to/georgekobaidze/show-me-the-article-youre-most-proud-of-and-ill-read-every-single-one-of-them-1l53,3eip4,georgekobaidze,1,260.2,none,0,MISSING,True
4626455,https://dev.to/georgekobaidze/show-me-the-article-youre-most-proud-of-and-ill-read-every-single-one-of-them-1l53,3ejkl,georgekobaidze,1,253.53,internal,1,MISSING,True
4626455,https://dev.to/georgekobaidze/show-me-the-article-youre-most-proud-of-and-ill-read-every-single-one-of-them-1l53,3ej02,omarafifi,0,259.79,multiple,5,RENDERED,True
4626455,https://dev.to/georgekobaidze/show-me-the-article-youre-most-proud-of-and-ill-read-every-single-one-of-them-1l53,3ejoi,georgekobaidze,1,251.8,none,0,RENDERED,True
4626455,https://dev.to/georgekobaidze/show-me-the-article-youre-most-proud-of-and-ill-read-every-single-one-of-them-1l53,3ekfh,omarafifi,2,242.62,none,0,RENDERED,True
4626455,https://dev.to/georgekobaidze/show-me-the-article-youre-most-proud-of-and-ill-read-every-single-one-of-them-1l53,3el3l,georgekobaidze,3,237.11,none,0,RENDERED,True
4626455,https://dev.to/georgekobaidze/show-me-the-article-youre-most-proud-of-and-ill-read-every-single-one-of-them-1l53,3em35,omarafifi,4,228.74,none,0,RENDERED,True
4626455,https://dev.to/georgekobaidze/show-me-the-article-youre-most-proud-of-and-ill-read-every-single-one-of-them-1l53,3em3f,georgekobaidze,5,228.71,none,0,RENDERED,True
4626455,https://dev.to/georgekobaidze/show-me-the-article-youre-most-proud-of-and-ill-read-every-single-one-of-them-1l53,3ej1k,puneetkumar2010,0,259.16,multiple,6,MISSING,True
4626455,https://dev.to/georgekobaidze/show-me-the-article-youre-most-proud-of-and-ill-read-every-single-one-of-them-1l53,3ej27,sethcalebweeks,0,259.04,internal,1,MISSING,True
4626455,https://dev.to/georgekobaidze/show-me-the-article-youre-most-proud-of-and-ill-read-every-single-one-of-them-1l53,3f9dd,georgekobaidze,1,63.13,none,0,MISSING,True
4626455,https://dev.to/georgekobaidze/show-me-the-article-youre-most-proud-of-and-ill-read-every-single-one-of-them-1l53,3ej3d,westernal,0,258.65,multiple,5,MISSING,True
4626455,https://dev.to/georgekobaidze/show-me-the-article-youre-most-proud-of-and-ill-read-every-single-one-of-them-1l53,3elpg,georgekobaidze,1,229.96,none,0,MISSING,True
4626455,https://dev.to/georgekobaidze/show-me-the-article-youre-most-proud-of-and-ill-read-every-single-one-of-them-1l53,3eoe3,westernal,2,205.4,none,0,MISSING,True
4626455,https://dev.to/georgekobaidze/show-me-the-article-youre-most-proud-of-and-ill-read-every-single-one-of-them-1l53,3ej6k,elsie-rainee,0,257.48,internal,1,MISSING,True
4626455,https://dev.to/georgekobaidze/show-me-the-article-youre-most-proud-of-and-ill-read-every-single-one-of-them-1l53,3ej6o,alptekin,0,257.44,multiple,6,RENDERED,True
4626455,https://dev.to/georgekobaidze/show-me-the-article-youre-most-proud-of-and-ill-read-every-single-one-of-them-1l53,3ejl5,georgekobaidze,1,253.37,none,0,RENDERED,True
4626455,https://dev.to/georgekobaidze/show-me-the-article-youre-most-proud-of-and-ill-read-every-single-one-of-them-1l53,3epag,alptekin,2,191.18,none,0,RENDERED,True
4626455,https://dev.to/georgekobaidze/show-me-the-article-youre-most-proud-of-and-ill-read-every-single-one-of-them-1l53,3eohd,citronbrick,1,203.37,none,0,RENDERED,True
4626455,https://dev.to/georgekobaidze/show-me-the-article-youre-most-proud-of-and-ill-read-every-single-one-of-them-1l53,3epak,alptekin,2,191.02,none,0,RENDERED,True
4626455,https://dev.to/georgekobaidze/show-me-the-article-youre-most-proud-of-and-ill-read-every-single-one-of-them-1l53,3epi2,citronbrick,3,189.33,none,0,RENDERED,True
4626455,https://dev.to/georgekobaidze/show-me-the-article-youre-most-proud-of-and-ill-read-every-single-one-of-them-1l53,3ej7e,kenielzep97,0,257.31,internal,1,MISSING,True
4626455,https://dev.to/georgekobaidze/show-me-the-article-youre-most-proud-of-and-ill-read-every-single-one-of-them-1l53,3ejbb,canro91,0,255.74,multiple,6,RENDERED,True
4626455,https://dev.to/georgekobaidze/show-me-the-article-youre-most-proud-of-and-ill-read-every-single-one-of-them-1l53,3ejm3,georgekobaidze,1,252.94,none,0,RENDERED,True
4626455,https://dev.to/georgekobaidze/show-me-the-article-youre-most-proud-of-and-ill-read-every-single-one-of-them-1l53,3em9a,canro91,2,225.98,none,0,RENDERED,True
4626455,https://dev.to/georgekobaidze/show-me-the-article-youre-most-proud-of-and-ill-read-every-single-one-of-them-1l53,3ema0,georgekobaidze,3,225.77,none,0,RENDERED,True
4626455,https://dev.to/georgekobaidze/show-me-the-article-youre-most-proud-of-and-ill-read-every-single-one-of-them-1l53,3ejl1,devstackhub,0,253.48,internal,1,MISSING,True
4626455,https://dev.to/georgekobaidze/show-me-the-article-youre-most-proud-of-and-ill-read-every-single-one-of-them-1l53,3enpg,georgekobaidze,1,210.32,none,0,MISSING,True
4626455,https://dev.to/georgekobaidze/show-me-the-article-youre-most-proud-of-and-ill-read-every-single-one-of-them-1l53,3ekm5,thebitforge,0,240.14,multiple,5,MISSING,True
4626455,https://dev.to/georgekobaidze/show-me-the-article-youre-most-proud-of-and-ill-read-every-single-one-of-them-1l53,3elcj,tanay_dwivedi9098,0,234.31,internal,1,MISSING,True
4626455,https://dev.to/georgekobaidze/show-me-the-article-youre-most-proud-of-and-ill-read-every-single-one-of-them-1l53,3elkh,mrpercival,0,231.37,multiple,5,MISSING,True
4626455,https://dev.to/georgekobaidze/show-me-the-article-youre-most-proud-of-and-ill-read-every-single-one-of-them-1l53,3f3c8,citronbrick,1,157.48,none,0,MISSING,True
4626455,https://dev.to/georgekobaidze/show-me-the-article-youre-most-proud-of-and-ill-read-every-single-one-of-them-1l53,3elm9,henry_robt_ed01d31ae3d216,0,230.94,none,0,MISSING,True
4626455,https://dev.to/georgekobaidze/show-me-the-article-youre-most-proud-of-and-ill-read-every-single-one-of-them-1l53,3elmk,georgekobaidze,1,230.76,none,0,MISSING,True
4626455,https://dev.to/georgekobaidze/show-me-the-article-youre-most-proud-of-and-ill-read-every-single-one-of-them-1l53,3elmd,nyaomaru,0,230.9,multiple,6,MISSING,True
4626455,https://dev.to/georgekobaidze/show-me-the-article-youre-most-proud-of-and-ill-read-every-single-one-of-them-1l53,3f8pd,georgekobaidze,1,69.59,none,0,MISSING,True
4626455,https://dev.to/georgekobaidze/show-me-the-article-youre-most-proud-of-and-ill-read-every-single-one-of-them-1l53,3f952,nyaomaru,2,66.75,none,0,MISSING,True
4626455,https://dev.to/georgekobaidze/show-me-the-article-youre-most-proud-of-and-ill-read-every-single-one-of-them-1l53,3em11,amitchandra,0,229.48,internal,1,MISSING,True
4626455,https://dev.to/georgekobaidze/show-me-the-article-youre-most-proud-of-and-ill-read-every-single-one-of-them-1l53,3f8oe,georgekobaidze,1,70.13,none,0,MISSING,True
4626455,https://dev.to/georgekobaidze/show-me-the-article-youre-most-proud-of-and-ill-read-every-single-one-of-them-1l53,3em24,healer0,0,229.16,internal,1,MISSING,True
4626455,https://dev.to/georgekobaidze/show-me-the-article-youre-most-proud-of-and-ill-read-every-single-one-of-them-1l53,3em2a,kushal1o1,0,229.06,none,0,MISSING,True
4626455,https://dev.to/georgekobaidze/show-me-the-article-youre-most-proud-of-and-ill-read-every-single-one-of-them-1l53,3em3i,georgekobaidze,1,228.68,none,0,MISSING,True
4626455,https://dev.to/georgekobaidze/show-me-the-article-youre-most-proud-of-and-ill-read-every-single-one-of-them-1l53,3em54,elanatframework,0,228.01,multiple,5,RENDERED,True
4626455,https://dev.to/georgekobaidze/show-me-the-article-youre-most-proud-of-and-ill-read-every-single-one-of-them-1l53,3f8mc,georgekobaidze,1,71.35,none,0,RENDERED,True
4626455,https://dev.to/georgekobaidze/show-me-the-article-youre-most-proud-of-and-ill-read-every-single-one-of-them-1l53,3f8pm,elanatframework,2,69.52,none,0,RENDERED,True
4626455,https://dev.to/georgekobaidze/show-me-the-article-youre-most-proud-of-and-ill-read-every-single-one-of-them-1l53,3em59,technogamerz,0,227.97,none,0,MISSING,True
4626455,https://dev.to/georgekobaidze/show-me-the-article-youre-most-proud-of-and-ill-read-every-single-one-of-them-1l53,3em5j,georgekobaidze,1,227.87,none,0,MISSING,True
4626455,https://dev.to/georgekobaidze/show-me-the-article-youre-most-proud-of-and-ill-read-every-single-one-of-them-1l53,3f0fc,technogamerz,2,183.42,none,0,MISSING,True
4626455,https://dev.to/georgekobaidze/show-me-the-article-youre-most-proud-of-and-ill-read-every-single-one-of-them-1l53,3f0fi,georgekobaidze,3,183.35,none,0,MISSING,True
4626455,https://dev.to/georgekobaidze/show-me-the-article-youre-most-proud-of-and-ill-read-every-single-one-of-them-1l53,3f0gg,technogamerz,4,183.12,internal,1,MISSING,True
4626455,https://dev.to/georgekobaidze/show-me-the-article-youre-most-proud-of-and-ill-read-every-single-one-of-them-1l53,3f0gl,georgekobaidze,5,183.05,none,0,MISSING,True
4626455,https://dev.to/georgekobaidze/show-me-the-article-youre-most-proud-of-and-ill-read-every-single-one-of-them-1l53,3f0p0,technogamerz,6,181.05,none,0,MISSING,True
4626455,https://dev.to/georgekobaidze/show-me-the-article-youre-most-proud-of-and-ill-read-every-single-one-of-them-1l53,3f0pl,georgekobaidze,7,180.78,none,0,MISSING,True
4626455,https://dev.to/georgekobaidze/show-me-the-article-youre-most-proud-of-and-ill-read-every-single-one-of-them-1l53,3f3hc,kula611,8,154.69,none,0,MISSING,True
4626455,https://dev.to/georgekobaidze/show-me-the-article-youre-most-proud-of-and-ill-read-every-single-one-of-them-1l53,3emal,henk_van_hoek,0,225.36,internal,1,MISSING,True
4626455,https://dev.to/georgekobaidze/show-me-the-article-youre-most-proud-of-and-ill-read-every-single-one-of-them-1l53,3emen,suprie_32,0,223.12,internal,1,MISSING,True
4626455,https://dev.to/georgekobaidze/show-me-the-article-youre-most-proud-of-and-ill-read-every-single-one-of-them-1l53,3emh7,avinash_pal_4ecfbed7ad38c,0,222.08,multiple,3,MISSING,True
4626455,https://dev.to/georgekobaidze/show-me-the-article-youre-most-proud-of-and-ill-read-every-single-one-of-them-1l53,3en24,yashksaini,0,217.55,internal,1,MISSING,True
4626455,https://dev.to/georgekobaidze/show-me-the-article-youre-most-proud-of-and-ill-read-every-single-one-of-them-1l53,3en2h,georgekobaidze,1,217.38,none,0,MISSING,True
4626455,https://dev.to/georgekobaidze/show-me-the-article-youre-most-proud-of-and-ill-read-every-single-one-of-them-1l53,3eodi,georgekobaidze,1,205.58,none,0,MISSING,True
4626455,https://dev.to/georgekobaidze/show-me-the-article-youre-most-proud-of-and-ill-read-every-single-one-of-them-1l53,3f3c4,citronbrick,1,157.55,none,0,MISSING,True
4626455,https://dev.to/georgekobaidze/show-me-the-article-youre-most-proud-of-and-ill-read-every-single-one-of-them-1l53,3f3ca,yashksaini,2,157.33,none,0,MISSING,True
4626455,https://dev.to/georgekobaidze/show-me-the-article-youre-most-proud-of-and-ill-read-every-single-one-of-them-1l53,3en30,feezan_khattak,0,217.25,external,1,MISSING,True
4626455,https://dev.to/georgekobaidze/show-me-the-article-youre-most-proud-of-and-ill-read-every-single-one-of-them-1l53,3ena7,miketalbot,0,214.21,multiple,5,RENDERED,True
4626455,https://dev.to/georgekobaidze/show-me-the-article-youre-most-proud-of-and-ill-read-every-single-one-of-them-1l53,3eo58,georgekobaidze,1,208.48,none,0,RENDERED,True
4626455,https://dev.to/georgekobaidze/show-me-the-article-youre-most-proud-of-and-ill-read-every-single-one-of-them-1l53,3enak,the_one,0,214.15,multiple,2,MISSING,True
4626455,https://dev.to/georgekobaidze/show-me-the-article-youre-most-proud-of-and-ill-read-every-single-one-of-them-1l53,3f3he,kula611,1,154.61,none,0,MISSING,True
4626455,https://dev.to/georgekobaidze/show-me-the-article-youre-most-proud-of-and-ill-read-every-single-one-of-them-1l53,3fajd,georgekobaidze,1,39.68,none,0,MISSING,True
4626455,https://dev.to/georgekobaidze/show-me-the-article-youre-most-proud-of-and-ill-read-every-single-one-of-them-1l53,3enb0,sameerqaisar17,0,214.01,internal,1,MISSING,True
4626455,https://dev.to/georgekobaidze/show-me-the-article-youre-most-proud-of-and-ill-read-every-single-one-of-them-1l53,3ene4,codegino,0,213.59,internal,1,MISSING,True
4626455,https://dev.to/georgekobaidze/show-me-the-article-youre-most-proud-of-and-ill-read-every-single-one-of-them-1l53,3eng4,effessdev,0,213.27,multiple,5,MISSING,True
4626455,https://dev.to/georgekobaidze/show-me-the-article-youre-most-proud-of-and-ill-read-every-single-one-of-them-1l53,3f8mg,georgekobaidze,1,71.28,none,0,MISSING,True
4626455,https://dev.to/georgekobaidze/show-me-the-article-youre-most-proud-of-and-ill-read-every-single-one-of-them-1l53,3f8nj,effessdev,2,70.58,none,0,MISSING,True
4626455,https://dev.to/georgekobaidze/show-me-the-article-youre-most-proud-of-and-ill-read-every-single-one-of-them-1l53,3f8o2,georgekobaidze,3,70.43,none,0,MISSING,True
4626455,https://dev.to/georgekobaidze/show-me-the-article-youre-most-proud-of-and-ill-read-every-single-one-of-them-1l53,3eo85,dev00932,0,207.44,none,0,MISSING,True
4626455,https://dev.to/georgekobaidze/show-me-the-article-youre-most-proud-of-and-ill-read-every-single-one-of-them-1l53,3eo97,georgekobaidze,1,207.01,none,0,MISSING,True
4626455,https://dev.to/georgekobaidze/show-me-the-article-youre-most-proud-of-and-ill-read-every-single-one-of-them-1l53,3f3hf,kula611,1,154.61,none,0,MISSING,True
4626455,https://dev.to/georgekobaidze/show-me-the-article-youre-most-proud-of-and-ill-read-every-single-one-of-them-1l53,3eoa2,dylanscottmickelson,0,206.67,multiple,4,MISSING,True
4626455,https://dev.to/georgekobaidze/show-me-the-article-youre-most-proud-of-and-ill-read-every-single-one-of-them-1l53,3eohc,citronbrick,0,203.43,multiple,5,MISSING,True
4626455,https://dev.to/georgekobaidze/show-me-the-article-youre-most-proud-of-and-ill-read-every-single-one-of-them-1l53,3ep2m,gagandeepahuja09,0,195.23,multiple,9,MISSING,True
4626455,https://dev.to/georgekobaidze/show-me-the-article-youre-most-proud-of-and-ill-read-every-single-one-of-them-1l53,3f3hd,kula611,1,154.68,none,0,MISSING,True
4626455,https://dev.to/georgekobaidze/show-me-the-article-youre-most-proud-of-and-ill-read-every-single-one-of-them-1l53,3f8ne,georgekobaidze,1,70.68,none,0,MISSING,True
4626455,https://dev.to/georgekobaidze/show-me-the-article-youre-most-proud-of-and-ill-read-every-single-one-of-them-1l53,3faej,gagandeepahuja09,2,42.81,none,0,MISSING,True
4626455,https://dev.to/georgekobaidze/show-me-the-article-youre-most-proud-of-and-ill-read-every-single-one-of-them-1l53,3faf0,georgekobaidze,3,42.74,none,0,MISSING,True
4626455,https://dev.to/georgekobaidze/show-me-the-article-youre-most-proud-of-and-ill-read-every-single-one-of-them-1l53,3epe8,well_center_cec48e177797b,0,190.14,multiple,10,MISSING,True
4626455,https://dev.to/georgekobaidze/show-me-the-article-youre-most-proud-of-and-ill-read-every-single-one-of-them-1l53,3epea,well_center_cec48e177797b,0,190.14,multiple,11,MISSING,True
4626455,https://dev.to/georgekobaidze/show-me-the-article-youre-most-proud-of-and-ill-read-every-single-one-of-them-1l53,3epi1,dvalin99,0,189.35,multiple,5,MISSING,True
4626455,https://dev.to/georgekobaidze/show-me-the-article-youre-most-proud-of-and-ill-read-every-single-one-of-them-1l53,3epij,pengeszikra,0,189.18,multiple,3,MISSING,True
4626455,https://dev.to/georgekobaidze/show-me-the-article-youre-most-proud-of-and-ill-read-every-single-one-of-them-1l53,3f8ma,georgekobaidze,1,71.54,none,0,MISSING,True
4626455,https://dev.to/georgekobaidze/show-me-the-article-youre-most-proud-of-and-ill-read-every-single-one-of-them-1l53,3epn2,fanatchipsovchitos19,0,187.71,internal,1,MISSING,True
4626455,https://dev.to/georgekobaidze/show-me-the-article-youre-most-proud-of-and-ill-read-every-single-one-of-them-1l53,3epoo,prazian,0,187.29,multiple,2,MISSING,True
4626455,https://dev.to/georgekobaidze/show-me-the-article-youre-most-proud-of-and-ill-read-every-single-one-of-them-1l53,3f006,abhishekdutta619,0,186.97,internal,1,MISSING,True
4626455,https://dev.to/georgekobaidze/show-me-the-article-youre-most-proud-of-and-ill-read-every-single-one-of-them-1l53,3f043,prince_panchani_f971a20ec,0,185.72,internal,1,MISSING,True
4626455,https://dev.to/georgekobaidze/show-me-the-article-youre-most-proud-of-and-ill-read-every-single-one-of-them-1l53,3f066,dani_shemesh,0,185.5,internal,1,MISSING,True
4626455,https://dev.to/georgekobaidze/show-me-the-article-youre-most-proud-of-and-ill-read-every-single-one-of-them-1l53,3f0g9,4thwithme,0,183.18,internal,1,MISSING,True
4626455,https://dev.to/georgekobaidze/show-me-the-article-youre-most-proud-of-and-ill-read-every-single-one-of-them-1l53,3f0j4,dj29,0,182.62,multiple,6,RENDERED,True
4626455,https://dev.to/georgekobaidze/show-me-the-article-youre-most-proud-of-and-ill-read-every-single-one-of-them-1l53,3f3go,georgekobaidze,1,154.87,none,0,RENDERED,True
4626455,https://dev.to/georgekobaidze/show-me-the-article-youre-most-proud-of-and-ill-read-every-single-one-of-them-1l53,3f3l8,dj29,2,150.57,none,0,RENDERED,True
4626455,https://dev.to/georgekobaidze/show-me-the-article-youre-most-proud-of-and-ill-read-every-single-one-of-them-1l53,3f406,georgekobaidze,3,146.32,none,0,RENDERED,True
4626455,https://dev.to/georgekobaidze/show-me-the-article-youre-most-proud-of-and-ill-read-every-single-one-of-them-1l53,3f48o,dj29,4,143.24,none,0,RENDERED,True
4626455,https://dev.to/georgekobaidze/show-me-the-article-youre-most-proud-of-and-ill-read-every-single-one-of-them-1l53,3f4cl,georgekobaidze,5,141.61,none,0,RENDERED,True
4626455,https://dev.to/georgekobaidze/show-me-the-article-youre-most-proud-of-and-ill-read-every-single-one-of-them-1l53,3f3h9,kula611,1,154.74,none,0,RENDERED,True
4626455,https://dev.to/georgekobaidze/show-me-the-article-youre-most-proud-of-and-ill-read-every-single-one-of-them-1l53,3f0jf,tagzauthor,0,182.53,multiple,5,MISSING,True
4626455,https://dev.to/georgekobaidze/show-me-the-article-youre-most-proud-of-and-ill-read-every-single-one-of-them-1l53,3fah6,georgekobaidze,1,40.93,none,0,MISSING,True
4626455,https://dev.to/georgekobaidze/show-me-the-article-youre-most-proud-of-and-ill-read-every-single-one-of-them-1l53,3fb1n,tagzauthor,2,36.28,none,0,MISSING,True
4626455,https://dev.to/georgekobaidze/show-me-the-article-youre-most-proud-of-and-ill-read-every-single-one-of-them-1l53,3fb1p,georgekobaidze,3,36.23,none,0,MISSING,True
4626455,https://dev.to/georgekobaidze/show-me-the-article-youre-most-proud-of-and-ill-read-every-single-one-of-them-1l53,3f0pk,phalkmin,0,180.81,internal,1,MISSING,True
4626455,https://dev.to/georgekobaidze/show-me-the-article-youre-most-proud-of-and-ill-read-every-single-one-of-them-1l53,3f117,georgekobaidze,1,180.11,none,0,MISSING,True
4626455,https://dev.to/georgekobaidze/show-me-the-article-youre-most-proud-of-and-ill-read-every-single-one-of-them-1l53,3f3c5,citronbrick,1,157.54,none,0,MISSING,True
4626455,https://dev.to/georgekobaidze/show-me-the-article-youre-most-proud-of-and-ill-read-every-single-one-of-them-1l53,3f11c,gaurang847,0,180.02,multiple,5,MISSING,True
4626455,https://dev.to/georgekobaidze/show-me-the-article-youre-most-proud-of-and-ill-read-every-single-one-of-them-1l53,3f8o9,,1,70.26,none,0,MISSING,True
4626455,https://dev.to/georgekobaidze/show-me-the-article-youre-most-proud-of-and-ill-read-every-single-one-of-them-1l53,3f9d9,gaurang847,2,63.24,multiple,2,MISSING,True
4626455,https://dev.to/georgekobaidze/show-me-the-article-youre-most-proud-of-and-ill-read-every-single-one-of-them-1l53,3f9dc,georgekobaidze,3,63.15,none,0,MISSING,True
4626455,https://dev.to/georgekobaidze/show-me-the-article-youre-most-proud-of-and-ill-read-every-single-one-of-them-1l53,3fae4,georgekobaidze,1,43.21,none,0,MISSING,True
4626455,https://dev.to/georgekobaidze/show-me-the-article-youre-most-proud-of-and-ill-read-every-single-one-of-them-1l53,3f13l,mrveiss,0,178.66,internal,1,MISSING,True
4626455,https://dev.to/georgekobaidze/show-me-the-article-youre-most-proud-of-and-ill-read-every-single-one-of-them-1l53,3f16e,robat_das_3c6e956212f6408,0,177.36,multiple,5,MISSING,True
4626455,https://dev.to/georgekobaidze/show-me-the-article-youre-most-proud-of-and-ill-read-every-single-one-of-them-1l53,3f1a7,salparvez,0,175.57,multiple,5,MISSING,True
4626455,https://dev.to/georgekobaidze/show-me-the-article-youre-most-proud-of-and-ill-read-every-single-one-of-them-1l53,3faij,georgekobaidze,1,40.12,none,0,MISSING,True
4626455,https://dev.to/georgekobaidze/show-me-the-article-youre-most-proud-of-and-ill-read-every-single-one-of-them-1l53,3faj8,salparvez,2,39.74,multiple,2,MISSING,True
4626455,https://dev.to/georgekobaidze/show-me-the-article-youre-most-proud-of-and-ill-read-every-single-one-of-them-1l53,3f1gb,kilawattcloud,0,172.65,internal,1,MISSING,True
4626455,https://dev.to/georgekobaidze/show-me-the-article-youre-most-proud-of-and-ill-read-every-single-one-of-them-1l53,3f20o,hoangson,0,168.63,internal,1,MISSING,True
4626455,https://dev.to/georgekobaidze/show-me-the-article-youre-most-proud-of-and-ill-read-every-single-one-of-them-1l53,3f23e,siy,0,167.61,internal,1,MISSING,True
4626455,https://dev.to/georgekobaidze/show-me-the-article-youre-most-proud-of-and-ill-read-every-single-one-of-them-1l53,3f24o,ahmad_atiq_6910cb28d22964,0,167.3,external,1,MISSING,True
4626455,https://dev.to/georgekobaidze/show-me-the-article-youre-most-proud-of-and-ill-read-every-single-one-of-them-1l53,3fajh,georgekobaidze,1,39.64,none,0,MISSING,True
4626455,https://dev.to/georgekobaidze/show-me-the-article-youre-most-proud-of-and-ill-read-every-single-one-of-them-1l53,3f24p,ahmad_atiq_6910cb28d22964,0,167.29,none,0,MISSING,True
4626455,https://dev.to/georgekobaidze/show-me-the-article-youre-most-proud-of-and-ill-read-every-single-one-of-them-1l53,3f26f,secret_toys75,0,166.86,multiple,10,MISSING,True
4626455,https://dev.to/georgekobaidze/show-me-the-article-youre-most-proud-of-and-ill-read-every-single-one-of-them-1l53,3f26g,secret_toys75,0,166.86,multiple,10,MISSING,True
4626455,https://dev.to/georgekobaidze/show-me-the-article-youre-most-proud-of-and-ill-read-every-single-one-of-them-1l53,3f298,namingthingsishard,0,166.5,multiple,5,MISSING,True
4626455,https://dev.to/georgekobaidze/show-me-the-article-youre-most-proud-of-and-ill-read-every-single-one-of-them-1l53,3f8of,georgekobaidze,1,70.07,none,0,MISSING,True
4626455,https://dev.to/georgekobaidze/show-me-the-article-youre-most-proud-of-and-ill-read-every-single-one-of-them-1l53,3f2ch,marvelcoder,0,165.74,multiple,4,MISSING,True
4626455,https://dev.to/georgekobaidze/show-me-the-article-youre-most-proud-of-and-ill-read-every-single-one-of-them-1l53,3f2dj,mk023,0,165.46,internal,1,MISSING,True
4626455,https://dev.to/georgekobaidze/show-me-the-article-youre-most-proud-of-and-ill-read-every-single-one-of-them-1l53,3f909,georgekobaidze,1,69.31,none,0,MISSING,True
4626455,https://dev.to/georgekobaidze/show-me-the-article-youre-most-proud-of-and-ill-read-every-single-one-of-them-1l53,3f2e8,liesliy,0,165.18,none,0,MISSING,True
4626455,https://dev.to/georgekobaidze/show-me-the-article-youre-most-proud-of-and-ill-read-every-single-one-of-them-1l53,3f3f5,georgekobaidze,1,155.73,none,0,MISSING,True
4626455,https://dev.to/georgekobaidze/show-me-the-article-youre-most-proud-of-and-ill-read-every-single-one-of-them-1l53,3f2gn,imam_hossain_8d3eeaa7b931,0,164.16,internal,1,MISSING,True
4626455,https://dev.to/georgekobaidze/show-me-the-article-youre-most-proud-of-and-ill-read-every-single-one-of-them-1l53,3f2ni,pcmagas,0,161.95,internal,1,MISSING,True
4626455,https://dev.to/georgekobaidze/show-me-the-article-youre-most-proud-of-and-ill-read-every-single-one-of-them-1l53,3f3hg,kula611,1,154.6,none,0,MISSING,True
4626455,https://dev.to/georgekobaidze/show-me-the-article-youre-most-proud-of-and-ill-read-every-single-one-of-them-1l53,3fajk,georgekobaidze,1,39.56,none,0,MISSING,True
4626455,https://dev.to/georgekobaidze/show-me-the-article-youre-most-proud-of-and-ill-read-every-single-one-of-them-1l53,3famf,pcmagas,2,38.25,none,0,MISSING,True
4626455,https://dev.to/georgekobaidze/show-me-the-article-youre-most-proud-of-and-ill-read-every-single-one-of-them-1l53,3fan1,georgekobaidze,3,38.13,none,0,MISSING,True
4626455,https://dev.to/georgekobaidze/show-me-the-article-youre-most-proud-of-and-ill-read-every-single-one-of-them-1l53,3fanj,pcmagas,4,37.72,internal,1,MISSING,True
4626455,https://dev.to/georgekobaidze/show-me-the-article-youre-most-proud-of-and-ill-read-every-single-one-of-them-1l53,3fanp,georgekobaidze,5,37.54,none,0,MISSING,True
4626455,https://dev.to/georgekobaidze/show-me-the-article-youre-most-proud-of-and-ill-read-every-single-one-of-them-1l53,3fapi,pcmagas,6,37.11,none,0,MISSING,True
4626455,https://dev.to/georgekobaidze/show-me-the-article-youre-most-proud-of-and-ill-read-every-single-one-of-them-1l53,3fb04,georgekobaidze,7,37.02,none,0,MISSING,True
4626455,https://dev.to/georgekobaidze/show-me-the-article-youre-most-proud-of-and-ill-read-every-single-one-of-them-1l53,3f2o4,chervet,0,161.82,multiple,6,MISSING,True
4626455,https://dev.to/georgekobaidze/show-me-the-article-youre-most-proud-of-and-ill-read-every-single-one-of-them-1l53,3f8p9,georgekobaidze,1,69.71,none,0,MISSING,True
4626455,https://dev.to/georgekobaidze/show-me-the-article-youre-most-proud-of-and-ill-read-every-single-one-of-them-1l53,3fbk0,chervet,2,24.08,none,0,MISSING,True
4626455,https://dev.to/georgekobaidze/show-me-the-article-youre-most-proud-of-and-ill-read-every-single-one-of-them-1l53,3f2p8,devopsdaily,0,161.45,multiple,5,MISSING,True
4626455,https://dev.to/georgekobaidze/show-me-the-article-youre-most-proud-of-and-ill-read-every-single-one-of-them-1l53,3f3bi,apkhajuria_,0,157.91,internal,1,MISSING,True
4626455,https://dev.to/georgekobaidze/show-me-the-article-youre-most-proud-of-and-ill-read-every-single-one-of-them-1l53,3f3c7,citronbrick,1,157.49,none,0,MISSING,True
4626455,https://dev.to/georgekobaidze/show-me-the-article-youre-most-proud-of-and-ill-read-every-single-one-of-them-1l53,3fajo,georgekobaidze,1,39.51,none,0,MISSING,True
4626455,https://dev.to/georgekobaidze/show-me-the-article-youre-most-proud-of-and-ill-read-every-single-one-of-them-1l53,3f3bp,azaleakuts,0,157.78,none,0,RENDERED,True
4626455,https://dev.to/georgekobaidze/show-me-the-article-youre-most-proud-of-and-ill-read-every-single-one-of-them-1l53,3f3el,georgekobaidze,1,155.98,none,0,RENDERED,True
4626455,https://dev.to/georgekobaidze/show-me-the-article-youre-most-proud-of-and-ill-read-every-single-one-of-them-1l53,3f3cb,sweetpapa,0,157.29,multiple,4,MISSING,True
4626455,https://dev.to/georgekobaidze/show-me-the-article-youre-most-proud-of-and-ill-read-every-single-one-of-them-1l53,3f3h8,kula611,0,154.75,none,0,MISSING,True
4626455,https://dev.to/georgekobaidze/show-me-the-article-youre-most-proud-of-and-ill-read-every-single-one-of-them-1l53,3f4d9,kornel_varga_62cb594bf3fd,0,141.36,internal,1,MISSING,True
4626455,https://dev.to/georgekobaidze/show-me-the-article-youre-most-proud-of-and-ill-read-every-single-one-of-them-1l53,3f5m0,marcobblk,0,121.64,internal,1,MISSING,True
4626455,https://dev.to/georgekobaidze/show-me-the-article-youre-most-proud-of-and-ill-read-every-single-one-of-them-1l53,3f947,georgekobaidze,1,67.43,none,0,MISSING,True
4626455,https://dev.to/georgekobaidze/show-me-the-article-youre-most-proud-of-and-ill-read-every-single-one-of-them-1l53,3f9m0,marcobblk,2,58.03,none,0,MISSING,True
4626455,https://dev.to/georgekobaidze/show-me-the-article-youre-most-proud-of-and-ill-read-every-single-one-of-them-1l53,3f9mm,georgekobaidze,3,57.47,none,0,MISSING,True
4626455,https://dev.to/georgekobaidze/show-me-the-article-youre-most-proud-of-and-ill-read-every-single-one-of-them-1l53,3f7jb,ptzivras,0,92.7,multiple,5,MISSING,True
4626455,https://dev.to/georgekobaidze/show-me-the-article-youre-most-proud-of-and-ill-read-every-single-one-of-them-1l53,3fago,georgekobaidze,1,41.22,none,0,MISSING,True
4626455,https://dev.to/georgekobaidze/show-me-the-article-youre-most-proud-of-and-ill-read-every-single-one-of-them-1l53,3fbk2,ptzivras,2,24.01,none,0,MISSING,True
4626455,https://dev.to/georgekobaidze/show-me-the-article-youre-most-proud-of-and-ill-read-every-single-one-of-them-1l53,3fbk5,georgekobaidze,3,23.97,none,0,MISSING,True
4626455,https://dev.to/georgekobaidze/show-me-the-article-youre-most-proud-of-and-ill-read-every-single-one-of-them-1l53,3fboc,ptzivras,4,22.01,external,1,MISSING,True
4626455,https://dev.to/georgekobaidze/show-me-the-article-youre-most-proud-of-and-ill-read-every-single-one-of-them-1l53,3fbp6,georgekobaidze,5,21.77,none,0,MISSING,True
4626455,https://dev.to/georgekobaidze/show-me-the-article-youre-most-proud-of-and-ill-read-every-single-one-of-them-1l53,3fd8k,listwright,0,2.53,none,0,MISSING,True
4626455,https://dev.to/georgekobaidze/show-me-the-article-youre-most-proud-of-and-ill-read-every-single-one-of-them-1l53,3fd8m,georgekobaidze,1,2.48,none,0,MISSING,True
4640240,https://dev.to/izgorodin/how-can-i-prevent-my-ai-coding-assistant-from-repeating-fixed-mistakes-across-sessions-2kf7,3f21c,kaziava,0,168.51,none,0,RENDERED,True
4640240,https://dev.to/izgorodin/how-can-i-prevent-my-ai-coding-assistant-from-repeating-fixed-mistakes-across-sessions-2kf7,3f373,izgorodin,1,159.35,none,0,RENDERED,True
4640240,https://dev.to/izgorodin/how-can-i-prevent-my-ai-coding-assistant-from-repeating-fixed-mistakes-across-sessions-2kf7,3f39n,kaziava,2,158.51,none,0,RENDERED,True
4640240,https://dev.to/izgorodin/how-can-i-prevent-my-ai-coding-assistant-from-repeating-fixed-mistakes-across-sessions-2kf7,3f3d9,izgorodin,3,156.92,none,0,RENDERED,True
4640240,https://dev.to/izgorodin/how-can-i-prevent-my-ai-coding-assistant-from-repeating-fixed-mistakes-across-sessions-2kf7,3f42m,kaziava,4,145.04,none,0,RENDERED,True
4640240,https://dev.to/izgorodin/how-can-i-prevent-my-ai-coding-assistant-from-repeating-fixed-mistakes-across-sessions-2kf7,3f9c1,kaziava,1,63.95,none,0,RENDERED,True
4640240,https://dev.to/izgorodin/how-can-i-prevent-my-ai-coding-assistant-from-repeating-fixed-mistakes-across-sessions-2kf7,3f9l6,izgorodin,2,58.32,none,0,RENDERED,True
4640240,https://dev.to/izgorodin/how-can-i-prevent-my-ai-coding-assistant-from-repeating-fixed-mistakes-across-sessions-2kf7,3fa4i,kaziava,3,49.01,none,0,RENDERED,True
4640240,https://dev.to/izgorodin/how-can-i-prevent-my-ai-coding-assistant-from-repeating-fixed-mistakes-across-sessions-2kf7,3fa5c,kaziava,4,48.56,none,0,RENDERED,True
4640240,https://dev.to/izgorodin/how-can-i-prevent-my-ai-coding-assistant-from-repeating-fixed-mistakes-across-sessions-2kf7,3fafb,izgorodin,5,42.5,none,0,RENDERED,True
4640240,https://dev.to/izgorodin/how-can-i-prevent-my-ai-coding-assistant-from-repeating-fixed-mistakes-across-sessions-2kf7,3fao3,kaziava,6,37.4,none,0,RENDERED,True
4640240,https://dev.to/izgorodin/how-can-i-prevent-my-ai-coding-assistant-from-repeating-fixed-mistakes-across-sessions-2kf7,3f21i,tokenlat,0,168.36,none,0,RENDERED,True
4640240,https://dev.to/izgorodin/how-can-i-prevent-my-ai-coding-assistant-from-repeating-fixed-mistakes-across-sessions-2kf7,3f374,izgorodin,1,159.34,none,0,RENDERED,True
4640240,https://dev.to/izgorodin/how-can-i-prevent-my-ai-coding-assistant-from-repeating-fixed-mistakes-across-sessions-2kf7,3fd8j,tokenlat,2,2.54,none,0,RENDERED,True
4640240,https://dev.to/izgorodin/how-can-i-prevent-my-ai-coding-assistant-from-repeating-fixed-mistakes-across-sessions-2kf7,3f2da,mk023,0,165.57,none,0,RENDERED,True
4640240,https://dev.to/izgorodin/how-can-i-prevent-my-ai-coding-assistant-from-repeating-fixed-mistakes-across-sessions-2kf7,3f377,izgorodin,1,159.33,none,0,RENDERED,True
4640240,https://dev.to/izgorodin/how-can-i-prevent-my-ai-coding-assistant-from-repeating-fixed-mistakes-across-sessions-2kf7,3f7k4,statewave,2,92.22,none,0,RENDERED,True
4640240,https://dev.to/izgorodin/how-can-i-prevent-my-ai-coding-assistant-from-repeating-fixed-mistakes-across-sessions-2kf7,3f7p8,izgorodin,3,89.89,none,0,RENDERED,True
4640240,https://dev.to/izgorodin/how-can-i-prevent-my-ai-coding-assistant-from-repeating-fixed-mistakes-across-sessions-2kf7,3f810,statewave,4,88.91,none,0,RENDERED,True
4640240,https://dev.to/izgorodin/how-can-i-prevent-my-ai-coding-assistant-from-repeating-fixed-mistakes-across-sessions-2kf7,3f93m,izgorodin,5,67.59,none,0,RENDERED,True
4640240,https://dev.to/izgorodin/how-can-i-prevent-my-ai-coding-assistant-from-repeating-fixed-mistakes-across-sessions-2kf7,3f99i,statewave,6,65.37,none,0,RENDERED,True
4640240,https://dev.to/izgorodin/how-can-i-prevent-my-ai-coding-assistant-from-repeating-fixed-mistakes-across-sessions-2kf7,3f9gi,aniketsahu141,2,60.75,none,0,RENDERED,True
4640240,https://dev.to/izgorodin/how-can-i-prevent-my-ai-coding-assistant-from-repeating-fixed-mistakes-across-sessions-2kf7,3f2m4,svgicons,0,162.72,none,0,MISSING,True
4640240,https://dev.to/izgorodin/how-can-i-prevent-my-ai-coding-assistant-from-repeating-fixed-mistakes-across-sessions-2kf7,3f378,izgorodin,1,159.33,none,0,MISSING,True
4640240,https://dev.to/izgorodin/how-can-i-prevent-my-ai-coding-assistant-from-repeating-fixed-mistakes-across-sessions-2kf7,3f2mm,jo-do,0,162.41,none,0,MISSING,True
4640240,https://dev.to/izgorodin/how-can-i-prevent-my-ai-coding-assistant-from-repeating-fixed-mistakes-across-sessions-2kf7,3f37c,izgorodin,1,159.31,none,0,MISSING,True
4640240,https://dev.to/izgorodin/how-can-i-prevent-my-ai-coding-assistant-from-repeating-fixed-mistakes-across-sessions-2kf7,3f2pd,statewave,0,161.34,none,0,RENDERED,True
4640240,https://dev.to/izgorodin/how-can-i-prevent-my-ai-coding-assistant-from-repeating-fixed-mistakes-across-sessions-2kf7,3f37g,izgorodin,1,159.3,none,0,RENDERED,True
4640240,https://dev.to/izgorodin/how-can-i-prevent-my-ai-coding-assistant-from-repeating-fixed-mistakes-across-sessions-2kf7,3f3ig,statewave,2,153.98,none,0,RENDERED,True
4640240,https://dev.to/izgorodin/how-can-i-prevent-my-ai-coding-assistant-from-repeating-fixed-mistakes-across-sessions-2kf7,3f3ik,izgorodin,3,153.83,none,0,RENDERED,True
4640240,https://dev.to/izgorodin/how-can-i-prevent-my-ai-coding-assistant-from-repeating-fixed-mistakes-across-sessions-2kf7,3f47j,statewave,4,143.46,none,0,RENDERED,True
4640240,https://dev.to/izgorodin/how-can-i-prevent-my-ai-coding-assistant-from-repeating-fixed-mistakes-across-sessions-2kf7,3f30j,josefinatillman0235,0,160.85,external,1,MISSING,True
4640240,https://dev.to/izgorodin/how-can-i-prevent-my-ai-coding-assistant-from-repeating-fixed-mistakes-across-sessions-2kf7,3f3g5,max-ai-dev,0,155.14,none,0,RENDERED,True
4640240,https://dev.to/izgorodin/how-can-i-prevent-my-ai-coding-assistant-from-repeating-fixed-mistakes-across-sessions-2kf7,3f3il,izgorodin,1,153.83,none,0,RENDERED,True
4640240,https://dev.to/izgorodin/how-can-i-prevent-my-ai-coding-assistant-from-repeating-fixed-mistakes-across-sessions-2kf7,3f3mk,icophy,0,148.89,none,0,MISSING,True
4640240,https://dev.to/izgorodin/how-can-i-prevent-my-ai-coding-assistant-from-repeating-fixed-mistakes-across-sessions-2kf7,3f4aa,izgorodin,1,142.56,internal,1,MISSING,True
4640240,https://dev.to/izgorodin/how-can-i-prevent-my-ai-coding-assistant-from-repeating-fixed-mistakes-across-sessions-2kf7,3f3n0,bobleer,0,148.71,none,0,MISSING,True
4640240,https://dev.to/izgorodin/how-can-i-prevent-my-ai-coding-assistant-from-repeating-fixed-mistakes-across-sessions-2kf7,3f4ab,izgorodin,1,142.55,none,0,MISSING,True
4640240,https://dev.to/izgorodin/how-can-i-prevent-my-ai-coding-assistant-from-repeating-fixed-mistakes-across-sessions-2kf7,3f416,zira125,0,145.84,none,0,MISSING,True
4640240,https://dev.to/izgorodin/how-can-i-prevent-my-ai-coding-assistant-from-repeating-fixed-mistakes-across-sessions-2kf7,3f4ac,izgorodin,1,142.54,none,0,MISSING,True
4640240,https://dev.to/izgorodin/how-can-i-prevent-my-ai-coding-assistant-from-repeating-fixed-mistakes-across-sessions-2kf7,3f419,suraj09,0,145.7,none,0,MISSING,True
4640240,https://dev.to/izgorodin/how-can-i-prevent-my-ai-coding-assistant-from-repeating-fixed-mistakes-across-sessions-2kf7,3f4ad,izgorodin,1,142.53,none,0,MISSING,True
4640240,https://dev.to/izgorodin/how-can-i-prevent-my-ai-coding-assistant-from-repeating-fixed-mistakes-across-sessions-2kf7,3f43g,kargut,0,144.75,none,0,MISSING,True
4640240,https://dev.to/izgorodin/how-can-i-prevent-my-ai-coding-assistant-from-repeating-fixed-mistakes-across-sessions-2kf7,3f7ol,izgorodin,1,89.97,none,0,MISSING,True
4640240,https://dev.to/izgorodin/how-can-i-prevent-my-ai-coding-assistant-from-repeating-fixed-mistakes-across-sessions-2kf7,3f4dh,autojoe_ai,0,141.24,none,0,MISSING,True
4640240,https://dev.to/izgorodin/how-can-i-prevent-my-ai-coding-assistant-from-repeating-fixed-mistakes-across-sessions-2kf7,3f7oo,izgorodin,1,89.96,none,0,MISSING,True
4640240,https://dev.to/izgorodin/how-can-i-prevent-my-ai-coding-assistant-from-repeating-fixed-mistakes-across-sessions-2kf7,3f7dn,mihai_leanzero,0,95.7,none,0,MISSING,True
4640240,https://dev.to/izgorodin/how-can-i-prevent-my-ai-coding-assistant-from-repeating-fixed-mistakes-across-sessions-2kf7,3f7p4,izgorodin,1,89.91,none,0,MISSING,True
4640240,https://dev.to/izgorodin/how-can-i-prevent-my-ai-coding-assistant-from-repeating-fixed-mistakes-across-sessions-2kf7,3f7en,glenallen,0,95.2,none,0,RENDERED,True
4640240,https://dev.to/izgorodin/how-can-i-prevent-my-ai-coding-assistant-from-repeating-fixed-mistakes-across-sessions-2kf7,3f7p5,izgorodin,1,89.9,none,0,RENDERED,True
4640240,https://dev.to/izgorodin/how-can-i-prevent-my-ai-coding-assistant-from-repeating-fixed-mistakes-across-sessions-2kf7,3f7gk,julianneagu,0,93.93,none,0,MISSING,True
4640240,https://dev.to/izgorodin/how-can-i-prevent-my-ai-coding-assistant-from-repeating-fixed-mistakes-across-sessions-2kf7,3f7p7,izgorodin,1,89.9,none,0,MISSING,True
4640240,https://dev.to/izgorodin/how-can-i-prevent-my-ai-coding-assistant-from-repeating-fixed-mistakes-across-sessions-2kf7,3f7n6,mnemehq,0,90.71,none,0,RENDERED,True
4640240,https://dev.to/izgorodin/how-can-i-prevent-my-ai-coding-assistant-from-repeating-fixed-mistakes-across-sessions-2kf7,3f7p9,izgorodin,1,89.88,none,0,RENDERED,True
4640240,https://dev.to/izgorodin/how-can-i-prevent-my-ai-coding-assistant-from-repeating-fixed-mistakes-across-sessions-2kf7,3f82f,murali_gour_13cd7a6a6db2c,0,88.16,none,0,RENDERED,True
4640240,https://dev.to/izgorodin/how-can-i-prevent-my-ai-coding-assistant-from-repeating-fixed-mistakes-across-sessions-2kf7,3f93l,izgorodin,1,67.64,none,0,RENDERED,True
4640240,https://dev.to/izgorodin/how-can-i-prevent-my-ai-coding-assistant-from-repeating-fixed-mistakes-across-sessions-2kf7,3fcad,murali_gour_13cd7a6a6db2c,2,18.05,none,0,RENDERED,True
4640240,https://dev.to/izgorodin/how-can-i-prevent-my-ai-coding-assistant-from-repeating-fixed-mistakes-across-sessions-2kf7,3f92o,onizuka,0,67.9,none,0,RENDERED,True
4640240,https://dev.to/izgorodin/how-can-i-prevent-my-ai-coding-assistant-from-repeating-fixed-mistakes-across-sessions-2kf7,3f93k,izgorodin,1,67.64,none,0,RENDERED,True
4640240,https://dev.to/izgorodin/how-can-i-prevent-my-ai-coding-assistant-from-repeating-fixed-mistakes-across-sessions-2kf7,3f957,richocolate17,0,66.62,none,0,MISSING,True
4640240,https://dev.to/izgorodin/how-can-i-prevent-my-ai-coding-assistant-from-repeating-fixed-mistakes-across-sessions-2kf7,3f96h,best_vibe_f9bcb0e9c1a9970,0,65.77,multiple,11,MISSING,True
4640240,https://dev.to/izgorodin/how-can-i-prevent-my-ai-coding-assistant-from-repeating-fixed-mistakes-across-sessions-2kf7,3f9a1,kielltampubolon,0,65.12,none,0,MISSING,True
4640240,https://dev.to/izgorodin/how-can-i-prevent-my-ai-coding-assistant-from-repeating-fixed-mistakes-across-sessions-2kf7,3f9l4,izgorodin,1,58.33,none,0,MISSING,True
4640240,https://dev.to/izgorodin/how-can-i-prevent-my-ai-coding-assistant-from-repeating-fixed-mistakes-across-sessions-2kf7,3f9fj,frankchu,0,61.3,none,0,MISSING,True
4640240,https://dev.to/izgorodin/how-can-i-prevent-my-ai-coding-assistant-from-repeating-fixed-mistakes-across-sessions-2kf7,3f9l1,izgorodin,1,58.36,none,0,MISSING,True
4640240,https://dev.to/izgorodin/how-can-i-prevent-my-ai-coding-assistant-from-repeating-fixed-mistakes-across-sessions-2kf7,3f9gh,aniketsahu141,0,60.76,none,0,MISSING,True
4640240,https://dev.to/izgorodin/how-can-i-prevent-my-ai-coding-assistant-from-repeating-fixed-mistakes-across-sessions-2kf7,3f9l8,izgorodin,1,58.31,none,0,MISSING,True
4640240,https://dev.to/izgorodin/how-can-i-prevent-my-ai-coding-assistant-from-repeating-fixed-mistakes-across-sessions-2kf7,3f9k2,joko_murni_437e116ce164c2,0,58.92,external,1,MISSING,True
4640240,https://dev.to/izgorodin/how-can-i-prevent-my-ai-coding-assistant-from-repeating-fixed-mistakes-across-sessions-2kf7,3fb7o,listwright,0,31.2,none,0,RENDERED,True
4640240,https://dev.to/izgorodin/how-can-i-prevent-my-ai-coding-assistant-from-repeating-fixed-mistakes-across-sessions-2kf7,3fc9d,izgorodin,1,18.47,none,0,RENDERED,True
4640240,https://dev.to/izgorodin/how-can-i-prevent-my-ai-coding-assistant-from-repeating-fixed-mistakes-across-sessions-2kf7,3fcok,listwright,2,10.77,none,0,RENDERED,True
4640240,https://dev.to/izgorodin/how-can-i-prevent-my-ai-coding-assistant-from-repeating-fixed-mistakes-across-sessions-2kf7,3fd4e,listwright,2,5.65,none,0,RENDERED,True
4640240,https://dev.to/izgorodin/how-can-i-prevent-my-ai-coding-assistant-from-repeating-fixed-mistakes-across-sessions-2kf7,3fbln,brianainews,0,22.88,none,0,MISSING,True
4640240,https://dev.to/izgorodin/how-can-i-prevent-my-ai-coding-assistant-from-repeating-fixed-mistakes-across-sessions-2kf7,3fc9g,izgorodin,1,18.42,none,0,MISSING,True
4646990,https://dev.to/james_anderson_h/the-steelman-when-an-ai-agent-actually-earns-its-complexity-2ck7,3epda,jo-do,0,190.27,none,0,RENDERED,True
4646990,https://dev.to/james_anderson_h/the-steelman-when-an-ai-agent-actually-earns-its-complexity-2ck7,3epfc,james_anderson_h,1,190.05,none,0,RENDERED,True
4646990,https://dev.to/james_anderson_h/the-steelman-when-an-ai-agent-actually-earns-its-complexity-2ck7,3eph5,eleanorerutherford361,0,189.73,external,1,MISSING,True
4646990,https://dev.to/james_anderson_h/the-steelman-when-an-ai-agent-actually-earns-its-complexity-2ck7,3f06e,alexshev,0,185.45,none,0,RENDERED,True
4646990,https://dev.to/james_anderson_h/the-steelman-when-an-ai-agent-actually-earns-its-complexity-2ck7,3f1hj,james_anderson_h,1,172.28,none,0,RENDERED,True
4646990,https://dev.to/james_anderson_h/the-steelman-when-an-ai-agent-actually-earns-its-complexity-2ck7,3f1ln,zira125,0,170.54,none,0,RENDERED,True
4646990,https://dev.to/james_anderson_h/the-steelman-when-an-ai-agent-actually-earns-its-complexity-2ck7,3f1md,james_anderson_h,1,170.24,none,0,RENDERED,True
4646990,https://dev.to/james_anderson_h/the-steelman-when-an-ai-agent-actually-earns-its-complexity-2ck7,3f2ee,capestart,0,165.1,none,0,RENDERED,True
4646990,https://dev.to/james_anderson_h/the-steelman-when-an-ai-agent-actually-earns-its-complexity-2ck7,3f2ef,james_anderson_h,1,165.04,none,0,RENDERED,True
4646990,https://dev.to/james_anderson_h/the-steelman-when-an-ai-agent-actually-earns-its-complexity-2ck7,3fb3b,nark3d,0,35.47,external,1,MISSING,True
4646990,https://dev.to/james_anderson_h/the-steelman-when-an-ai-agent-actually-earns-its-complexity-2ck7,3fbj6,james_anderson_h,1,24.44,none,0,MISSING,True
4646990,https://dev.to/james_anderson_h/the-steelman-when-an-ai-agent-actually-earns-its-complexity-2ck7,3fbai,listwright,0,29.13,none,0,RENDERED,True
4646990,https://dev.to/james_anderson_h/the-steelman-when-an-ai-agent-actually-earns-its-complexity-2ck7,3fbj3,james_anderson_h,1,24.45,none,0,RENDERED,True
4646990,https://dev.to/james_anderson_h/the-steelman-when-an-ai-agent-actually-earns-its-complexity-2ck7,3fbk3,listwright,2,24.0,external,1,MISSING,True
4646990,https://dev.to/james_anderson_h/the-steelman-when-an-ai-agent-actually-earns-its-complexity-2ck7,3fbl3,listwright,2,23.52,none,0,RENDERED,True
4646990,https://dev.to/james_anderson_h/the-steelman-when-an-ai-agent-actually-earns-its-complexity-2ck7,3fbmn,listwright,3,22.63,none,0,RENDERED,True
4646990,https://dev.to/james_anderson_h/the-steelman-when-an-ai-agent-actually-earns-its-complexity-2ck7,3fbn9,james_anderson_h,4,22.28,none,0,RENDERED,True
4648753,https://dev.to/tanvi_ladva_d0495c8cc0ee3/i-got-tired-of-publishing-something-i-spent-hours-writing-and-then-watching-nobody-read-it-4b0c,3f0oj,priyanshi_paghadal_217b9f,0,181.16,none,0,RENDERED,True
4648753,https://dev.to/tanvi_ladva_d0495c8cc0ee3/i-got-tired-of-publishing-something-i-spent-hours-writing-and-then-watching-nobody-read-it-4b0c,3f7a3,tanvi_ladva_d0495c8cc0ee3,1,97.31,none,0,RENDERED,True
4648753,https://dev.to/tanvi_ladva_d0495c8cc0ee3/i-got-tired-of-publishing-something-i-spent-hours-writing-and-then-watching-nobody-read-it-4b0c,3fb7e,listwright,0,31.64,external,1,MISSING,True
4649123,https://dev.to/undead_846a8feae7e2c8916f/what-435-directory-submissions-taught-us-about-launching-software-1afd,3f0j5,houstonpouros478,0,182.62,external,1,MISSING,True
4649123,https://dev.to/undead_846a8feae7e2c8916f/what-435-directory-submissions-taught-us-about-launching-software-1afd,3fbf3,listwright,0,26.41,external,1,MISSING,True
4667946,https://dev.to/remdore/92-of-devto-posts-get-zero-reactions-and-the-title-advice-does-not-change-that-43gp,3f4ma,alexgeorgiev17,0,138.59,none,0,RENDERED,False
4667946,https://dev.to/remdore/92-of-devto-posts-get-zero-reactions-and-the-title-advice-does-not-change-that-43gp,3f559,francistrdev,0,134.43,none,0,RENDERED,False
4667946,https://dev.to/remdore/92-of-devto-posts-get-zero-reactions-and-the-title-advice-does-not-change-that-43gp,3fb6f,listwright,0,32.49,none,0,RENDERED,False
4667946,https://dev.to/remdore/92-of-devto-posts-get-zero-reactions-and-the-title-advice-does-not-change-that-43gp,3fcn9,remdore,1,11.78,none,0,RENDERED,False
4667946,https://dev.to/remdore/92-of-devto-posts-get-zero-reactions-and-the-title-advice-does-not-change-that-43gp,3fcoe,listwright,2,11.03,none,0,RENDERED,False
4678066,https://dev.to/hive80lab/i-audited-30-solo-founder-pricing-pages-4-mistakes-showed-up-on-almost-all-of-them-4fjh,3fd5a,listwright,0,5.0,none,0,RENDERED,False
4682889,https://dev.to/c1-anderson/how-i-post-every-day-without-a-content-team-or-a-lying-robot-the-writer-pipeline-that-turns-real-4kgb,3f7l8,oglas_ai2026,0,91.58,external,1,MISSING,True
4682889,https://dev.to/c1-anderson/how-i-post-every-day-without-a-content-team-or-a-lying-robot-the-writer-pipeline-that-turns-real-4kgb,3fd67,listwright,0,4.45,none,0,RENDERED,True
4682889,https://dev.to/c1-anderson/how-i-post-every-day-without-a-content-team-or-a-lying-robot-the-writer-pipeline-that-turns-real-4kgb,3fdbc,c1-anderson,1,0.83,none,0,RENDERED,True
4696135,https://dev.to/wolfnom/i-built-a-pretty-cool-saas-now-what-3ibd,3f9n1,marcusykim,0,57.06,none,0,RENDERED,False
4696135,https://dev.to/wolfnom/i-built-a-pretty-cool-saas-now-what-3ibd,3faga,hiper2d,0,41.83,none,0,RENDERED,False
4696135,https://dev.to/wolfnom/i-built-a-pretty-cool-saas-now-what-3ibd,3fb8a,listwright,0,30.78,none,0,RENDERED,False
4696135,https://dev.to/wolfnom/i-built-a-pretty-cool-saas-now-what-3ibd,3fc7m,altuntas_gokcer_56ebce63b,0,18.87,none,0,RENDERED,False
4697049,https://dev.to/chiefmojo79/payment-routing-for-autonomous-agents-x402-vs-stripe-vs-both-24e6,3fb02,listwright,0,37.02,internal,1,MISSING,True
4700745,https://dev.to/lisa_ai/the-math-behind-a-19-ai-plan-why-flat-rate-token-pricing-quietly-loses-money-33k6,3falc,lisa_ai,0,38.49,external,1,MISSING,True
4700745,https://dev.to/lisa_ai/the-math-behind-a-19-ai-plan-why-flat-rate-token-pricing-quietly-loses-money-33k6,3falj,lisa_ai,0,38.43,external,1,MISSING,True
4700745,https://dev.to/lisa_ai/the-math-behind-a-19-ai-plan-why-flat-rate-token-pricing-quietly-loses-money-33k6,3fb1e,listwright,0,36.52,none,0,RENDERED,True
4700745,https://dev.to/lisa_ai/the-math-behind-a-19-ai-plan-why-flat-rate-token-pricing-quietly-loses-money-33k6,3fb26,mthburnsbarberweb,0,36.18,none,0,RENDERED,True
4701858,https://dev.to/listwright/five-places-an-autonomous-script-can-look-for-paid-work-i-measured-all-five-none-of-them-pay-43cc,3fb76,ricart_juncadella_d62f385,0,31.91,none,0,RENDERED,False
4701858,https://dev.to/listwright/five-places-an-autonomous-script-can-look-for-paid-work-i-measured-all-five-none-of-them-pay-43cc,3fb7p,listwright,1,31.19,none,0,RENDERED,False
4701871,https://dev.to/spark88/35-best-directories-to-submit-your-app-in-2026-with-domain-authority-scores-32k6,3fbeb,listwright,0,26.9,external,1,MISSING,True
4702045,https://dev.to/sylwia-lask/what-if-your-ai-agent-never-had-to-leave-the-browser-demo--5g,3fbn6,botsailorofficial,0,22.44,none,0,MISSING,True
4702045,https://dev.to/sylwia-lask/what-if-your-ai-agent-never-had-to-leave-the-browser-demo--5g,3fbo6,sylwia-lask,1,22.07,none,0,MISSING,True
4702045,https://dev.to/sylwia-lask/what-if-your-ai-agent-never-had-to-leave-the-browser-demo--5g,3fbno,adamthedeveloper,0,22.13,none,0,RENDERED,True
4702045,https://dev.to/sylwia-lask/what-if-your-ai-agent-never-had-to-leave-the-browser-demo--5g,3fbp2,sylwia-lask,1,21.81,none,0,RENDERED,True
4702045,https://dev.to/sylwia-lask/what-if-your-ai-agent-never-had-to-leave-the-browser-demo--5g,3fbpf,adamthedeveloper,2,21.71,none,0,RENDERED,True
4702045,https://dev.to/sylwia-lask/what-if-your-ai-agent-never-had-to-leave-the-browser-demo--5g,3fc0f,sylwia-lask,3,21.48,none,0,RENDERED,True
4702045,https://dev.to/sylwia-lask/what-if-your-ai-agent-never-had-to-leave-the-browser-demo--5g,3fc0j,micheypico,0,21.44,none,0,MISSING,True
4702045,https://dev.to/sylwia-lask/what-if-your-ai-agent-never-had-to-leave-the-browser-demo--5g,3fc2l,sylwia-lask,1,20.94,none,0,MISSING,True
4702045,https://dev.to/sylwia-lask/what-if-your-ai-agent-never-had-to-leave-the-browser-demo--5g,3fc1p,glenallen,0,21.18,none,0,RENDERED,True
4702045,https://dev.to/sylwia-lask/what-if-your-ai-agent-never-had-to-leave-the-browser-demo--5g,3fc49,sylwia-lask,1,20.37,none,0,RENDERED,True
4702045,https://dev.to/sylwia-lask/what-if-your-ai-agent-never-had-to-leave-the-browser-demo--5g,3fcdo,glenallen,2,16.53,none,0,RENDERED,True
4702045,https://dev.to/sylwia-lask/what-if-your-ai-agent-never-had-to-leave-the-browser-demo--5g,3fcmc,sylwia-lask,3,12.28,none,0,RENDERED,True
4702045,https://dev.to/sylwia-lask/what-if-your-ai-agent-never-had-to-leave-the-browser-demo--5g,3fdd6,glenallen,4,0.07,none,0,RENDERED,True
4702045,https://dev.to/sylwia-lask/what-if-your-ai-agent-never-had-to-leave-the-browser-demo--5g,3fc26,gramli,0,21.08,none,0,RENDERED,True
4702045,https://dev.to/sylwia-lask/what-if-your-ai-agent-never-had-to-leave-the-browser-demo--5g,3fc43,sylwia-lask,1,20.47,none,0,RENDERED,True
4702045,https://dev.to/sylwia-lask/what-if-your-ai-agent-never-had-to-leave-the-browser-demo--5g,3fc7i,gramli,2,18.91,none,0,RENDERED,True
4702045,https://dev.to/sylwia-lask/what-if-your-ai-agent-never-had-to-leave-the-browser-demo--5g,3fc98,sylwia-lask,3,18.53,none,0,RENDERED,True
4702045,https://dev.to/sylwia-lask/what-if-your-ai-agent-never-had-to-leave-the-browser-demo--5g,3fccg,gramli,4,17.14,none,0,RENDERED,True
4702045,https://dev.to/sylwia-lask/what-if-your-ai-agent-never-had-to-leave-the-browser-demo--5g,3fc2b,ricart_juncadella_d62f385,0,21.02,none,0,RENDERED,True
4702045,https://dev.to/sylwia-lask/what-if-your-ai-agent-never-had-to-leave-the-browser-demo--5g,3fc5k,sylwia-lask,1,19.77,none,0,RENDERED,True
4702045,https://dev.to/sylwia-lask/what-if-your-ai-agent-never-had-to-leave-the-browser-demo--5g,3fc4a,dannwaneri,0,20.35,none,0,RENDERED,True
4702045,https://dev.to/sylwia-lask/what-if-your-ai-agent-never-had-to-leave-the-browser-demo--5g,3fc64,sylwia-lask,1,19.51,none,0,RENDERED,True
4702045,https://dev.to/sylwia-lask/what-if-your-ai-agent-never-had-to-leave-the-browser-demo--5g,3fc5e,onizuka,0,19.9,none,0,RENDERED,True
4702045,https://dev.to/sylwia-lask/what-if-your-ai-agent-never-had-to-leave-the-browser-demo--5g,3fc7g,sylwia-lask,1,18.91,none,0,RENDERED,True
4702045,https://dev.to/sylwia-lask/what-if-your-ai-agent-never-had-to-leave-the-browser-demo--5g,3fcde,mihai_leanzero,0,16.73,none,0,MISSING,True
4702045,https://dev.to/sylwia-lask/what-if-your-ai-agent-never-had-to-leave-the-browser-demo--5g,3fcdi,sylwia-lask,1,16.57,none,0,MISSING,True
4702045,https://dev.to/sylwia-lask/what-if-your-ai-agent-never-had-to-leave-the-browser-demo--5g,3fcfj,nomad-link-id,0,15.78,none,0,RENDERED,True
4702045,https://dev.to/sylwia-lask/what-if-your-ai-agent-never-had-to-leave-the-browser-demo--5g,3fcl0,sylwia-lask,1,13.11,none,0,RENDERED,True
4702045,https://dev.to/sylwia-lask/what-if-your-ai-agent-never-had-to-leave-the-browser-demo--5g,3fcl2,madan_dhoundiyal_61ef7c1e,0,13.03,none,0,MISSING,True
4702045,https://dev.to/sylwia-lask/what-if-your-ai-agent-never-had-to-leave-the-browser-demo--5g,3fcma,sylwia-lask,1,12.34,none,0,MISSING,True
4702045,https://dev.to/sylwia-lask/what-if-your-ai-agent-never-had-to-leave-the-browser-demo--5g,3fcni,unitbuilds,0,11.52,none,0,RENDERED,True
4702045,https://dev.to/sylwia-lask/what-if-your-ai-agent-never-had-to-leave-the-browser-demo--5g,3fcnn,sylwia-lask,1,11.42,none,0,RENDERED,True
4702045,https://dev.to/sylwia-lask/what-if-your-ai-agent-never-had-to-leave-the-browser-demo--5g,3fcoh,unitbuilds,2,10.88,none,0,RENDERED,True
4702045,https://dev.to/sylwia-lask/what-if-your-ai-agent-never-had-to-leave-the-browser-demo--5g,3fd0c,sylwia-lask,3,9.87,none,0,RENDERED,True
4702045,https://dev.to/sylwia-lask/what-if-your-ai-agent-never-had-to-leave-the-browser-demo--5g,3fd1g,unitbuilds,4,8.62,none,0,RENDERED,True
4702045,https://dev.to/sylwia-lask/what-if-your-ai-agent-never-had-to-leave-the-browser-demo--5g,3fd1j,sylwia-lask,5,8.47,none,0,RENDERED,True
4702045,https://dev.to/sylwia-lask/what-if-your-ai-agent-never-had-to-leave-the-browser-demo--5g,3fcob,tom_jones_230c4659491adcd,0,11.08,none,0,RENDERED,True
4702045,https://dev.to/sylwia-lask/what-if-your-ai-agent-never-had-to-leave-the-browser-demo--5g,3fd0e,sylwia-lask,1,9.71,none,0,RENDERED,True
4702045,https://dev.to/sylwia-lask/what-if-your-ai-agent-never-had-to-leave-the-browser-demo--5g,3fd1i,tom_jones_230c4659491adcd,2,8.5,none,0,RENDERED,True
4702045,https://dev.to/sylwia-lask/what-if-your-ai-agent-never-had-to-leave-the-browser-demo--5g,3fd28,sylwia-lask,3,8.06,none,0,RENDERED,True
4702045,https://dev.to/sylwia-lask/what-if-your-ai-agent-never-had-to-leave-the-browser-demo--5g,3fd02,kartik-nvjk,0,9.97,none,0,MISSING,True
4702045,https://dev.to/sylwia-lask/what-if-your-ai-agent-never-had-to-leave-the-browser-demo--5g,3fd0j,sylwia-lask,1,9.61,none,0,MISSING,True
4702045,https://dev.to/sylwia-lask/what-if-your-ai-agent-never-had-to-leave-the-browser-demo--5g,3fd5c,icophy,0,4.9,none,0,MISSING,True
4702045,https://dev.to/sylwia-lask/what-if-your-ai-agent-never-had-to-leave-the-browser-demo--5g,3fdd7,sylwia-lask,1,0.05,none,0,MISSING,True
4702045,https://dev.to/sylwia-lask/what-if-your-ai-agent-never-had-to-leave-the-browser-demo--5g,3fd95,listwright,0,2.06,none,0,RENDERED,True
4702045,https://dev.to/sylwia-lask/what-if-your-ai-agent-never-had-to-leave-the-browser-demo--5g,3fdaj,sylwia-lask,1,1.33,none,0,RENDERED,True
4702045,https://dev.to/sylwia-lask/what-if-your-ai-agent-never-had-to-leave-the-browser-demo--5g,3fdam,listwright,2,1.28,external,1,DOWNRANKED,True
4702045,https://dev.to/sylwia-lask/what-if-your-ai-agent-never-had-to-leave-the-browser-demo--5g,3fdbf,listwright,3,0.79,none,0,RENDERED,True
4703644,https://dev.to/infoinlet1/how-to-stop-ai-from-confidently-shipping-broken-code-a-pattern-that-actually-works-2gn7,3fbi5,ahmetozel,0,24.82,none,0,RENDERED,False
4703644,https://dev.to/infoinlet1/how-to-stop-ai-from-confidently-shipping-broken-code-a-pattern-that-actually-works-2gn7,3fbje,infoinlet1,1,24.34,none,0,RENDERED,False
4703644,https://dev.to/infoinlet1/how-to-stop-ai-from-confidently-shipping-broken-code-a-pattern-that-actually-works-2gn7,3fbkb,devomnitools,0,23.9,none,0,RENDERED,False
4703644,https://dev.to/infoinlet1/how-to-stop-ai-from-confidently-shipping-broken-code-a-pattern-that-actually-works-2gn7,3fbm1,infoinlet1,1,22.88,none,0,RENDERED,False
4703644,https://dev.to/infoinlet1/how-to-stop-ai-from-confidently-shipping-broken-code-a-pattern-that-actually-works-2gn7,3fbkg,brianainews,0,23.78,none,0,RENDERED,False
4703644,https://dev.to/infoinlet1/how-to-stop-ai-from-confidently-shipping-broken-code-a-pattern-that-actually-works-2gn7,3fblm,infoinlet1,1,22.89,none,0,RENDERED,False
4703644,https://dev.to/infoinlet1/how-to-stop-ai-from-confidently-shipping-broken-code-a-pattern-that-actually-works-2gn7,3fd85,listwright,0,3.07,none,0,RENDERED,False
4703644,https://dev.to/infoinlet1/how-to-stop-ai-from-confidently-shipping-broken-code-a-pattern-that-actually-works-2gn7,3fdb8,marsomelody,0,0.87,none,0,RENDERED,False
